Institution,Department,Website_Type,Subset,OutsideDoc,URL,Date_Collected,Scraper,Time_to_Scrape,Notes,,,,
UC Berkeley,African American Studies,Home/Landing,,,https://africam.berkeley.edu/,10/22/24,Keya,2:32,,,,,Humanities
UC Berkeley,African American Studies,Undergrad education,,,https://africam.berkeley.edu/major-and-minor-requirements/,10/22/24,Keya,2:32,,,,,Chicanx Latinx Studies
UC Berkeley,African American Studies,Prospective students,,,,10/22/24,Keya,2:32,,,,,"Chinese Studies, Center for"
UC Berkeley,African American Studies,Advising,,,https://africam.berkeley.edu/undergraduate-program/undergraduate-advising/,10/22/24,Keya,2:32,,,,,City and Regional Planning
UC Berkeley,African American Studies,Research,Y,,https://africam.berkeley.edu/academic-opportunities/,10/22/24,Keya,2:32,,,,,
UC Berkeley,African American Studies,Undergraduate Research,,,https://africam.berkeley.edu/academic-opportunities/,10/22/24,Keya,2:32,,,,,
UC Berkeley,African American Studies,DEI/JEDI,,,,10/22/24,Keya,2:32,,,,,College Writing Programs
UC Berkeley,African American Studies,Chair’s Message,,,,10/22/24,Keya,2:32,,,,,
UC Berkeley,African American Studies,About,Y,,https://africam.berkeley.edu/about-the-program/,10/22/24,Keya,2:32,,,,,Comparative Literature
UC Berkeley,African American Studies,Courses/Curriculum,Y,,https://africam.berkeley.edu/major-and-minor-requirements/,10/22/24,Keya,2:32,,,,,Computational Social Science
UC Berkeley,,,,,,,,,,,,,
UC Berkeley,Agricultural and Resource Economics,Home/Landing,,,https://are.berkeley.edu/,10/22/24,Keya,2:41,,,,,
UC Berkeley,Agricultural and Resource Economics,Undergrad education,,,https://are.berkeley.edu/eep/major,10/22/24,Keya,2:41,,,,,Conservation Resource Studies
UC Berkeley,Agricultural and Resource Economics,Prospective students,,,https://are.berkeley.edu/eep/hear-from-our-students,10/22/24,Keya,2:41,,,,,Creative Writing
UC Berkeley,Agricultural and Resource Economics,Advising,,,https://are.berkeley.edu/eep/student-outreach,10/22/24,Keya,2:41,kinda advising,,,,"Critical Theory, The Program in"
UC Berkeley,Agricultural and Resource Economics,Research,,,https://are.berkeley.edu/about/research-areas,10/22/24,Keya,2:41,,,,,Dance
UC Berkeley,Agricultural and Resource Economics,Undergraduate Research,,,https://are.berkeley.edu/eep/research-opportunities,10/22/24,Keya,2:41,,,,,Demography
UC Berkeley,Agricultural and Resource Economics,DEI/JEDI,,,https://are.berkeley.edu/diversity-equity-inclusion,10/22/24,Keya,2:41,,,,,Development Practice
UC Berkeley,Agricultural and Resource Economics,Chair’s Message,,,https://are.berkeley.edu/about/letter-chair,10/22/24,Keya,2:41,,,,,Disability Studies
UC Berkeley,Agricultural and Resource Economics,About,,,https://are.berkeley.edu/about,10/22/24,Keya,2:41,,,,,Dutch Studies
UC Berkeley,Agricultural and Resource Economics,Courses/Curriculum,,,https://are.berkeley.edu/eep/courses,10/22/24,Keya,2:41,,,,,
UC Berkeley,,,,,,,,,,,,,East Asian Languages & Cultures
UC Berkeley,American Cultures,Home/Landing,,,https://as.ugis.berkeley.edu/,10/22/24,Keya,3:25,no grad program,,,,East Asian Studies
UC Berkeley,American Cultures,Undergrad education,,,https://as.ugis.berkeley.edu/,10/22/24,Keya,3:25,do i repeat url if it covers more than one website category?,,,,
UC Berkeley,American Cultures,Prospective students,,,https://as.ugis.berkeley.edu/declaring-the-major/,10/22/24,Keya,3:25,Declaring the major and minor pages,,,,
UC Berkeley,American Cultures,Advising,,,https://as.ugis.berkeley.edu/program-resources/,10/22/24,Keya,3:25,"""resources""",,,,
UC Berkeley,American Cultures,Research,,,https://as.ugis.berkeley.edu/research-guides/,10/22/24,Keya,3:25,,,,,
UC Berkeley,American Cultures,Undergraduate Research,,,,10/22/24,Keya,3:25,only undergrad,,,,
UC Berkeley,American Cultures,DEI/JEDI,,,,10/22/24,Keya,3:25,,,,,
UC Berkeley,American Cultures,Chair’s Message,,,,10/22/24,Keya,3:25,,,,,
UC Berkeley,American Cultures,About,,,https://as.ugis.berkeley.edu/about-the-major/,10/22/24,Keya,3:25,about the major,,,,
UC Berkeley,American Cultures,Courses/Curriculum,,,https://as.ugis.berkeley.edu/courses/,10/22/24,Keya,3:25,,,,,English
UC Berkeley,,,,,,,,,,,,,"Environmental Design, College of"
UC Berkeley,Ancient Greek & Roman Studies,Home/Landing,,,https://dagrs.berkeley.edu/,10/23/24,Keya,2:10,,,,,Environmental Economics and Policy
UC Berkeley,Ancient Greek & Roman Studies,Undergrad education,,,https://dagrs.berkeley.edu/undergraduate/majors-and-minors,10/23/24,Keya,2:10,,,,,Environmental Health Sciences
UC Berkeley,Ancient Greek & Roman Studies,Prospective students,,,https://dagrs.berkeley.edu/index.php/graduate/prospective-students,10/23/24,Keya,2:10,,,,,
UC Berkeley,Ancient Greek & Roman Studies,Advising,,,https://dagrs.berkeley.edu/undergraduate/advising,10/23/24,Keya,2:10,,,,,"Environmental Science, Policy, and Management"
UC Berkeley,Ancient Greek & Roman Studies,Research,,,,10/23/24,Keya,2:10,,,,,Ethnic Studies
UC Berkeley,Ancient Greek & Roman Studies,Undergraduate Research,,,https://dagrs.berkeley.edu/undergraduate/research-opportunities-and-study-abroad,10/23/24,Keya,2:10,,,,,European Studies
UC Berkeley,Ancient Greek & Roman Studies,DEI/JEDI,,,https://dagrs.berkeley.edu/about/climate-equity-and-inclusion,10/23/24,Keya,2:10,,,,,Film & Media
UC Berkeley,Ancient Greek & Roman Studies,Chair’s Message,,,,10/23/24,Keya,2:10,,,,,Folklore
UC Berkeley,Ancient Greek & Roman Studies,About,,,https://dagrs.berkeley.edu/about/department-history,10/23/24,Keya,2:10,"""department history""",,,,"Forestry, Center for"
UC Berkeley,Ancient Greek & Roman Studies,Courses/Curriculum,,,https://dagrs.berkeley.edu/index.php/courses/archive,10/23/24,Keya,2:10,,,,,French
UC Berkeley,,,,,,10/23/24,Keya,,,,,,Gender and Women's Studies
UC Berkeley,Anthropology,Home/Landing,,,https://anthropology.berkeley.edu/,10/23/24,Keya,3:09,,,,,Genetics and Plant Biology
UC Berkeley,Anthropology,Undergrad education,,,https://anthropology.berkeley.edu/undergraduate-program,10/23/24,Keya,3:09,,,,,
UC Berkeley,Anthropology,Prospective students,,,https://anthropology.berkeley.edu/undergraduate-program/prospective-students,10/23/24,Keya,3:09,,,,,German
UC Berkeley,Anthropology,Advising,Y,,https://anthropology.berkeley.edu/undergraduate-program/current-students,10/23/24,Keya,3:09,,,,,Global Studies
UC Berkeley,Anthropology,Research,,,https://anthropology.berkeley.edu/research,10/23/24,Keya,3:09,,,,,Haas School of Business
UC Berkeley,Anthropology,Undergraduate Research,,,,10/23/24,Keya,3:09,,,,,Health Policy
UC Berkeley,Anthropology,DEI/JEDI,,,,10/23/24,Keya,3:09,,,,,"Health Sciences, Environmental"
UC Berkeley,Anthropology,Chair’s Message,,,https://anthropology.berkeley.edu/news-events/archived-letters-chair,10/23/24,Keya,3:09,,,,,History
UC Berkeley,Anthropology,About,,,https://anthropology.berkeley.edu/about,10/23/24,Keya,3:09,,,,,History of Art
UC Berkeley,Anthropology,Courses/Curriculum,,,https://anthropology.berkeley.edu/curriculum,10/23/24,Keya,3:09,,,,,
UC Berkeley,,,,,,10/23/24,Keya,,,,,,
UC Berkeley,Architecture,Home/Landing,,,https://ced.berkeley.edu/arch,10/23/24,Keya,3:44,,,,,
UC Berkeley,Architecture,Undergrad education,,,https://ced.berkeley.edu/arch/degrees-admissions/bachelor-of-arts-architecture,10/23/24,Keya,3:44,not really undergrad - they give each major/degree,,,,
UC Berkeley,Architecture,Prospective students,,,,10/23/24,Keya,3:44,,,,,Interdisciplinary Studies
UC Berkeley,Architecture,Advising,,,https://ced.berkeley.edu/arch/advising,10/23/24,Keya,3:44,,,,,Italian Studies
UC Berkeley,Architecture,Research,,,,10/23/24,Keya,3:44,,,,,Jewish Studies Program
UC Berkeley,Architecture,Undergraduate Research,,,,10/23/24,Keya,3:44,,,,,Jurisprudence and Social Policy Program
UC Berkeley,Architecture,DEI/JEDI,,,,10/23/24,Keya,3:44,,,,,
UC Berkeley,Architecture,Chair’s Message,,,,10/23/24,Keya,3:44,,,,,Legal Studies
UC Berkeley,Architecture,About,,,https://ced.berkeley.edu/arch/about,10/23/24,Keya,3:44,,,,,Linguistics
UC Berkeley,Architecture,Courses/Curriculum,,,https://ced.berkeley.edu/arch/courses,10/23/24,Keya,3:44,,,,,
UC Berkeley,,,,,,10/23/24,Keya,,,,,,
UC Berkeley,Art History,Home/Landing,,,https://arthistory.berkeley.edu/,10/23/24,Keya,1:44,,,,,
UC Berkeley,Art History,Undergrad education,,,https://arthistory.berkeley.edu/undergraduate,10/23/24,Keya,1:44,,,,,
UC Berkeley,Art History,Prospective students,,,https://arthistory.berkeley.edu/undergraduate/declare-your-major,10/23/24,Keya,1:44,"""declare your major""",,,,Media Studies
UC Berkeley,Art History,Advising,,,https://arthistory.berkeley.edu/undergraduate/undergraduate-advising-0,10/23/24,Keya,1:44,,,,,Medieval Studies
UC Berkeley,Art History,Research,,,,10/23/24,Keya,1:44,,,,,"Mediterranean Archaeology, Ancient History and"
UC Berkeley,Art History,Undergraduate Research,,,,10/23/24,Keya,1:44,,,,,
UC Berkeley,Art History,DEI/JEDI,,,,10/23/24,Keya,1:44,,,,,"Middle Eastern Languages and Cultures, Department of"
UC Berkeley,Art History,Chair’s Message,,,https://arthistory.berkeley.edu/about-us/message-chair,10/23/24,Keya,1:44,,,,,Middle Eastern Studies
UC Berkeley,Art History,About,,,https://arthistory.berkeley.edu/about-us,10/23/24,Keya,1:44,,,,,
UC Berkeley,Art History,Courses/Curriculum,,,https://arthistory.berkeley.edu/current-course-offerings,10/23/24,Keya,1:44,,,,,
UC Berkeley,,,,,,10/23/24,Keya,,,,,,
UC Berkeley,Art Practice,Home/Landing,,,https://art.berkeley.edu/,10/23/24,Keya,2:54,,,,,"Music, Department of"
UC Berkeley,Art Practice,Undergrad education,,,https://art.berkeley.edu/major,10/23/24,Keya,2:54,BA not undergrad,,,,Native American Studies
UC Berkeley,Art Practice,Prospective students,,,,10/23/24,Keya,2:54,,,,,"Natural Resources, College of"
UC Berkeley,Art Practice,Advising,,,,10/23/24,Keya,2:54,,,,,
UC Berkeley,Art Practice,Research,,,,10/23/24,Keya,2:54,,,,,
UC Berkeley,Art Practice,Undergraduate Research,,,,10/23/24,Keya,2:54,,,,,"New Media, Berkeley Center for"
UC Berkeley,Art Practice,DEI/JEDI,,,,10/23/24,Keya,2:54,,,,,
UC Berkeley,Art Practice,Chair’s Message,,,,10/23/24,Keya,2:54,,,,,
UC Berkeley,Art Practice,About,Y,,https://art.berkeley.edu/,10/23/24,Keya,2:54,,,,,
UC Berkeley,Art Practice,Courses/Curriculum,,,https://art.berkeley.edu/courses-overview,10/23/24,Keya,2:54,,,,,
UC Berkeley,,,,,,10/23/24,Keya,,,,,,Philosophy
UC Berkeley,Ethnic Studies,Home/Landing,,,https://ethnicstudies.berkeley.edu/,10/23/24,Keya,3:05,,,,,
UC Berkeley,Ethnic Studies,Undergrad education,,,https://ethnicstudies.berkeley.edu/programs/undergrad/,10/23/24,Keya,3:05,,,,,
UC Berkeley,Ethnic Studies,Prospective students,,,,10/23/24,Keya,3:05,,,,,
UC Berkeley,Ethnic Studies,Advising,,,https://ethnicstudies.berkeley.edu/programs/undergrad/advising/,10/23/24,Keya,3:05,,,,,
UC Berkeley,Ethnic Studies,Research,,,,10/23/24,Keya,3:05,,,,,Political Economy
UC Berkeley,Ethnic Studies,Undergraduate Research,,,,10/23/24,Keya,3:05,,,,,Political Science
UC Berkeley,Ethnic Studies,DEI/JEDI,,,,10/23/24,Keya,3:05,,,,,"Portuguese, Spanish and"
UC Berkeley,Ethnic Studies,Chair’s Message,,,,10/23/24,Keya,3:05,,,,,
UC Berkeley,Ethnic Studies,About,,,https://ethnicstudies.berkeley.edu/about/history/,10/23/24,Keya,3:05,,,,,
UC Berkeley,Ethnic Studies,Courses/Curriculum,,Y,refers to course catalog,10/23/24,Keya,3:05,,,,,"Public Policy, The Richard & Rhoda Goldman School of"
UC Berkeley,,,,,,10/23/24,Keya,,,,,,
UC Berkeley,Astronomy,Home/Landing,,,https://astro.berkeley.edu/,10/23/24,Keya,2:50,,,,,Renaissance and Early Modern Studies
UC Berkeley,Astronomy,Undergrad education,,,https://astro.berkeley.edu/programs/undergraduate-program/,10/23/24,Keya,2:50,,,,,Rhetoric
UC Berkeley,Astronomy,Prospective students,,,https://astro.berkeley.edu/prospective-students/,10/23/24,Keya,2:50,,,,,Romance Languages and Literatures
UC Berkeley,Astronomy,Advising,,,https://astro.berkeley.edu/programs/undergraduate-program/undergraduate-resources/,10/23/24,Keya,2:50,"""resources""",,,,Scandinavian
UC Berkeley,Astronomy,Research,,,https://astro.berkeley.edu/research-facilities/research-opportunities/,10/23/24,Keya,2:50,,,,,
UC Berkeley,Astronomy,Undergraduate Research,Y,,https://astro.berkeley.edu/research-facilities/research-opportunities/,10/23/24,Keya,2:50,,,,,Slavic Languages and Literatures
UC Berkeley,Astronomy,DEI/JEDI,,,https://astro.berkeley.edu/about/diversity-and-climate/,10/23/24,Keya,2:50,,,,,"Slavic, East European, and Eurasian Studies, Institute of"
UC Berkeley,Astronomy,Chair’s Message,,,https://astro.berkeley.edu/about/,10/23/24,Keya,2:50,,,,,"Social Welfare, School of"
UC Berkeley,Astronomy,About,,,https://astro.berkeley.edu/about/history/,10/23/24,Keya,2:50,,,,,Society and Environment
UC Berkeley,Astronomy,Courses/Curriculum,,,https://astro.berkeley.edu/courses-category/undergraduate-spring-2020/,10/23/24,Keya,2:50,,,,,Sociology
UC Berkeley,,,,,,10/23/24,Keya,,,,,,South and Southeast Asian Studies
UC Berkeley,Bioengineering,Home/Landing,,,https://bioeng.berkeley.edu/,10/23/24,Keya,2:05,,,,,"South Asia Studies, Institute for"
UC Berkeley,Bioengineering,Undergrad education,,,https://bioeng.berkeley.edu/undergrad,10/23/24,Keya,2:05,,,,,Spanish and Portuguese
UC Berkeley,Bioengineering,Prospective students,,,https://bioeng.berkeley.edu/undergrad,10/23/24,Keya,2:05,,,,,
UC Berkeley,Bioengineering,Advising,,,https://bioeng.berkeley.edu/undergrad/advising,10/23/24,Keya,2:05,,,,,"Theater, Dance & Performance Studies"
UC Berkeley,Bioengineering,Research,,,https://bioeng.berkeley.edu/research,10/23/24,Keya,2:05,,,,,
UC Berkeley,Bioengineering,Undergraduate Research,,,https://bioeng.berkeley.edu/undergrad/undergradresearch,10/23/24,Keya,2:05,,,,,Urban Design
UC Berkeley,Bioengineering,DEI/JEDI,,,,10/23/24,Keya,2:05,,,,,
UC Berkeley,Bioengineering,Chair’s Message,,,,10/23/24,Keya,2:05,,,,,"Women's Studies, Gender and"
UC Berkeley,Bioengineering,About,,,https://bioeng.berkeley.edu/about-us,10/23/24,Keya,2:05,,,,,
UC Berkeley,Bioengineering,Courses/Curriculum,,,https://bioeng.berkeley.edu/undergrad/program,10/23/24,Keya,2:05,,,,,
UC Berkeley,,,,,,10/23/24,Keya,,,,,,
UC Berkeley,"Biology, Integrative",Home/Landing,,,https://ib.berkeley.edu/,10/23/24,Keya,2:12,,,,,
UC Berkeley,"Biology, Integrative",Undergrad education,,,https://ib.berkeley.edu/undergrad,10/23/24,Keya,2:12,,,,,
UC Berkeley,"Biology, Integrative",Prospective students,,,https://ib.berkeley.edu/undergrad/major/declaring.php,10/23/24,Keya,2:12,"""declaring major""",,,,
UC Berkeley,"Biology, Integrative",Advising,,,https://ib.berkeley.edu/undergrad/advising.php,10/23/24,Keya,2:12,,,,,
UC Berkeley,"Biology, Integrative",Research,,,https://ib.berkeley.edu/research,10/23/24,Keya,2:12,,,,,
UC Berkeley,"Biology, Integrative",Undergraduate Research,,,https://ib.berkeley.edu/undergrad/research.php,10/23/24,Keya,2:12,,,,,
UC Berkeley,"Biology, Integrative",DEI/JEDI,,,https://ib.berkeley.edu/diversity,10/23/24,Keya,2:12,,,,,
UC Berkeley,"Biology, Integrative",Chair’s Message,,,,10/23/24,Keya,2:12,,,,,
UC Berkeley,"Biology, Integrative",About,,,https://ib.berkeley.edu/about,10/23/24,Keya,2:12,,,,,
UC Berkeley,"Biology, Integrative",Courses/Curriculum,,,https://ib.berkeley.edu/academics/courses,10/23/24,Keya,2:12,,,,,
UC Berkeley,,,,,,10/23/24,Keya,,,,,,
UC Berkeley,"Biology, Molecular and Cell",Home/Landing,,,https://mcb.berkeley.edu/,10/23/24,Keya,1:43,,,,,
UC Berkeley,"Biology, Molecular and Cell",Undergrad education,,,https://mcb.berkeley.edu/undergrad,10/23/24,Keya,1:43,,,,,
UC Berkeley,"Biology, Molecular and Cell",Prospective students,,,https://mcb.berkeley.edu/undergrad/prospective-students,10/23/24,Keya,1:43,,,,,
UC Berkeley,"Biology, Molecular and Cell",Advising,,,https://mcb.berkeley.edu/undergrad/advising/advising-office/advising-services,10/23/24,Keya,1:43,,,,,
UC Berkeley,"Biology, Molecular and Cell",Research,,,https://mcb.berkeley.edu/faculty-and-research,10/23/24,Keya,1:43,,,,,
UC Berkeley,"Biology, Molecular and Cell",Undergraduate Research,,,https://mcb.berkeley.edu/undergrad/research,10/23/24,Keya,1:43,,,,,
UC Berkeley,"Biology, Molecular and Cell",DEI/JEDI,,,https://mcb.berkeley.edu/diversity,10/23/24,Keya,1:43,,,,,
UC Berkeley,"Biology, Molecular and Cell",Chair’s Message,,,,10/23/24,Keya,1:43,,,,,
UC Berkeley,"Biology, Molecular and Cell",About,,,https://mcb.berkeley.edu/about-the-department,10/23/24,Keya,1:43,,,,,
UC Berkeley,"Biology, Molecular and Cell",Courses/Curriculum,,,https://mcb.berkeley.edu/undergrad/courses,10/23/24,Keya,1:43,,,,,
UC Berkeley,,,,,,10/23/24,Keya,,,,,,
UC Berkeley,"Biology, Plant and Microbial",Home/Landing,,,https://plantandmicrobiology.berkeley.edu/,10/23/24,Keya,4:04,,,,,
UC Berkeley,"Biology, Plant and Microbial",Undergrad education,,,https://plantandmicrobiology.berkeley.edu/undergraduate-majors,10/23/24,Keya,4:04,,,,,
UC Berkeley,"Biology, Plant and Microbial",Prospective students,,,,10/23/24,Keya,4:04,outside dept website -> goes to college website,,,,
UC Berkeley,"Biology, Plant and Microbial",Advising,,,,10/23/24,Keya,4:04,outside dept website -> goes to college website,,,,
UC Berkeley,"Biology, Plant and Microbial",Research,,,https://plantandmicrobiology.berkeley.edu/research,10/23/24,Keya,4:04,,,,,
UC Berkeley,"Biology, Plant and Microbial",Undergraduate Research,,,,10/23/24,Keya,4:04,goes to college website,,,,
UC Berkeley,"Biology, Plant and Microbial",DEI/JEDI,,,https://plantandmicrobiology.berkeley.edu/equity-in-action,10/23/24,Keya,4:04,,,,,
UC Berkeley,"Biology, Plant and Microbial",Chair’s Message,,,,10/23/24,Keya,4:04,,,,,
UC Berkeley,"Biology, Plant and Microbial",About,,,https://plantandmicrobiology.berkeley.edu/about,10/23/24,Keya,4:04,,,,,
UC Berkeley,"Biology, Plant and Microbial",Courses/Curriculum,,,,10/23/24,Keya,4:04,goes to berk catalog,,,,
UC Berkeley,,,,,,10/23/24,Keya,,,,,,
UC Berkeley,Physics,Home/Landing,,,https://physics.berkeley.edu/,10/23/24,Keya,2:26,,,,,
UC Berkeley,Physics,Undergrad education,,,https://physics.berkeley.edu/academics/undergraduate-degree,10/23/24,Keya,2:26,,,,,
UC Berkeley,Physics,Prospective students,,,,10/23/24,Keya,2:26,,,,,
UC Berkeley,Physics,Advising,,,https://physics.berkeley.edu/student-life/student-support-advising,10/23/24,Keya,2:26,,,,,
UC Berkeley,Physics,Research,,,https://physics.berkeley.edu/research-faculty,10/23/24,Keya,2:26,,,,,
UC Berkeley,Physics,Undergraduate Research,,,https://physics.berkeley.edu/academics/undergraduate-research,10/23/24,Keya,2:26,,,,,
UC Berkeley,Physics,DEI/JEDI,,,https://physics.berkeley.edu/equity-inclusion,10/23/24,Keya,2:26,,,,,
UC Berkeley,Physics,Chair’s Message,,,https://physics.berkeley.edu/welcome,10/23/24,Keya,2:26,,,,,
UC Berkeley,Physics,About,,,https://physics.berkeley.edu/welcome/history,10/23/24,Keya,2:26,,,,,
UC Berkeley,Physics,Courses/Curriculum,,,https://physics.berkeley.edu/academics/courses,10/23/24,Keya,2:26,,,,,
UC Berkeley,,,,,,,Keya,,,,,,
UC Berkeley,Business,Home/Landing,,,,,Keya,,,,,,
UC Berkeley,Business,Undergrad education,,,,,Keya,,,,,,
UC Berkeley,Business,Prospective students,,,,,Keya,,,,,,
UC Berkeley,Business,Advising,,,,,Keya,,,,,,
UC Berkeley,Business,Research,,,,,Keya,,,,,,
UC Berkeley,Business,Undergraduate Research,,,,,Keya,,,,,,
UC Berkeley,Business,DEI/JEDI,,,,,Keya,,,,,,
UC Berkeley,Business,Chair’s Message,,,,,Keya,,,,,,
UC Berkeley,Business,About,,,,,Keya,,,,,,
UC Berkeley,Business,Courses/Curriculum,,,,,Keya,,,,,,
UC Berkeley,,,,,,,Keya,,,,,,
UC Berkeley,"Chemical and Biomolecular Engineering, Department of",Home/Landing,,,https://chemistry.berkeley.edu/cbe,1/14,Keya,2:23,,,,,
UC Berkeley,"Chemical and Biomolecular Engineering, Department of",Undergrad education,,,https://chemistry.berkeley.edu/ugrad/degrees/cheme,1/14,Keya,2:23,,,,,
UC Berkeley,"Chemical and Biomolecular Engineering, Department of",Prospective students,,,https://chemistry.berkeley.edu/ugrad/prospective-students,1/14,Keya,2:23,,,,,
UC Berkeley,"Chemical and Biomolecular Engineering, Department of",Advising,,,https://chemistry.berkeley.edu/ugrad/student-services,1/14,Keya,2:23,,,,,
UC Berkeley,"Chemical and Biomolecular Engineering, Department of",Research,,,https://chemistry.berkeley.edu/cbe-research,1/14,Keya,2:23,,,,,
UC Berkeley,"Chemical and Biomolecular Engineering, Department of",Undergraduate Research,,,,1/14,Keya,2:23,,,,,
UC Berkeley,"Chemical and Biomolecular Engineering, Department of",DEI/JEDI,,,https://chemistry.berkeley.edu/cbe/diversity-equity-and-inclusion,1/14,Keya,2:23,,,,,
UC Berkeley,"Chemical and Biomolecular Engineering, Department of",Chair’s Message,,,,1/14,Keya,2:23,,,,,
UC Berkeley,"Chemical and Biomolecular Engineering, Department of",About,,,https://chemistry.berkeley.edu/about-dept-cbe,1/14,Keya,2:23,,,,,
UC Berkeley,"Chemical and Biomolecular Engineering, Department of",Courses/Curriculum,,,,1/14,Keya,,,,,,
UC Berkeley,,,,,,1/14,Keya,,,,,,
UC Berkeley,"Chemistry, Department of",Home/Landing,,,https://chemistry.berkeley.edu/chem,1/14,Keya,2:29,,,,,
UC Berkeley,"Chemistry, Department of",Undergrad education,,,https://chemistry.berkeley.edu/ugrad/degrees/,1/14,Keya,2:29,,,,,
UC Berkeley,"Chemistry, Department of",Prospective students,,,https://chemistry.berkeley.edu/ugrad/prospective-students,1/14,Keya,2:29,,,,,
UC Berkeley,"Chemistry, Department of",Advising,,,https://chemistry.berkeley.edu/ugrad/current-students/enrollment-advising,1/14,Keya,2:29,,,,,
UC Berkeley,"Chemistry, Department of",Research,,,https://chemistry.berkeley.edu/chem-research,1/14,Keya,2:29,,,,,
UC Berkeley,"Chemistry, Department of",Undergraduate Research,,,,1/14,Keya,2:29,,,,,
UC Berkeley,"Chemistry, Department of",DEI/JEDI,,,https://chemistry.berkeley.edu/deib,1/14,Keya,2:29,"some of this is from college of chemistry, not department",,,,
UC Berkeley,"Chemistry, Department of",Chair’s Message,,,,1/14,Keya,2:29,,,,,
UC Berkeley,"Chemistry, Department of",About,,,https://chemistry.berkeley.edu/about-dept-chemistry,1/14,Keya,2:29,,,,,
UC Berkeley,"Chemistry, Department of",Courses/Curriculum,,,,1/14,Keya,2:29,,,,,
UC Berkeley,,,,,,1/14,Keya,,,,,,
UC Berkeley,Civil and Environmental Engineering,Home/Landing,,,https://ce.berkeley.edu/,1/14,Keya,1:58,,,,,
UC Berkeley,Civil and Environmental Engineering,Undergrad education,,,https://ce.berkeley.edu/undergrad/prospective-students,1/14,Keya,1:58,current undergrads are subsection of prospective students tab,,,,
UC Berkeley,Civil and Environmental Engineering,Prospective students,,,https://ce.berkeley.edu/undergrad/prospective-students,1/14,Keya,1:58,,,,,
UC Berkeley,Civil and Environmental Engineering,Advising,,,https://ce.berkeley.edu/undergrad/advising,1/14,Keya,1:58,,,,,
UC Berkeley,Civil and Environmental Engineering,Research,,,,1/14,Keya,1:58,,,,,
UC Berkeley,Civil and Environmental Engineering,Undergraduate Research,,,,1/14,Keya,1:58,,,,,
UC Berkeley,Civil and Environmental Engineering,DEI/JEDI,,,https://ce.berkeley.edu/undergrad/diversity,1/14,Keya,1:58,,,,,
UC Berkeley,Civil and Environmental Engineering,Chair’s Message,,,,1/14,Keya,1:58,,,,,
UC Berkeley,Civil and Environmental Engineering,About,,,https://ce.berkeley.edu/about/overview,1/14,Keya,1:58,,,,,
UC Berkeley,Civil and Environmental Engineering,Courses/Curriculum,,,https://ce.berkeley.edu/undergrad/curriculum,1/14,Keya,1:58,,,,,
UC Berkeley,,,,,,1/14,Keya,,,,,,
UC Berkeley,Electrical Engineering and Computer Sciences,Home/Landing,,,https://eecs.berkeley.edu/,1/14,Keya,2:40,,,,,
UC Berkeley,Electrical Engineering and Computer Sciences,Undergrad education,,,https://eecs.berkeley.edu/academics/undergraduate/,1/14,Keya,2:40,,,,,
UC Berkeley,Electrical Engineering and Computer Sciences,Prospective students,,,,1/14,Keya,2:40,,,,,
UC Berkeley,Electrical Engineering and Computer Sciences,Advising,,,https://eecs.berkeley.edu/resources/undergrads/,1/14,Keya,2:40,,,,,
UC Berkeley,Electrical Engineering and Computer Sciences,Research,,,https://eecs.berkeley.edu/research/,1/14,Keya,2:40,,,,,
UC Berkeley,Electrical Engineering and Computer Sciences,Undergraduate Research,,,https://eecs.berkeley.edu/resources/undergrads/undergraduate-resesarch/,1/14,Keya,2:40,,,,,
UC Berkeley,Electrical Engineering and Computer Sciences,DEI/JEDI,,,,1/14,Keya,2:40,,,,,
UC Berkeley,Electrical Engineering and Computer Sciences,Chair’s Message,,,,1/14,Keya,2:40,,,,,
UC Berkeley,Electrical Engineering and Computer Sciences,About,,,https://eecs.berkeley.edu/about/,1/14,Keya,2:40,,,,,
UC Berkeley,Electrical Engineering and Computer Sciences,Courses/Curriculum,,,https://eecs.berkeley.edu/academics/courses/,1/14,Keya,2:40,,,,,
UC Berkeley,,,,,,1/14,Keya,,,,,,
UC Berkeley,Statistics,Home/Landing,,,https://statistics.berkeley.edu/,1/14,Keya,1:33,,,,,
UC Berkeley,Statistics,Undergrad education,,,https://statistics.berkeley.edu/academics/undergrad/program,1/14,Keya,1:33,,,,,
UC Berkeley,Statistics,Prospective students,,,https://statistics.berkeley.edu/academics/undergrad/prospective,1/14,Keya,1:33,,,,,
UC Berkeley,Statistics,Advising,,,https://statistics.berkeley.edu/academics/undergrad/advising,1/14,Keya,1:33,,,,,
UC Berkeley,Statistics,Research,,,https://statistics.berkeley.edu/research/overview,1/14,Keya,1:33,,,,,
UC Berkeley,Statistics,Undergraduate Research,,,https://statistics.berkeley.edu/academics/undergrad/research,1/14,Keya,1:33,,,,,
UC Berkeley,Statistics,DEI/JEDI,,,https://statistics.berkeley.edu/about/dei,1/14,Keya,1:33,,,,,
UC Berkeley,Statistics,Chair’s Message,,,,1/14,Keya,1:33,,,,,
UC Berkeley,Statistics,About,,,https://statistics.berkeley.edu/about/overview,1/14,Keya,1:33,,,,,
UC Berkeley,Statistics,Courses/Curriculum,,,https://statistics.berkeley.edu/courses,1/14,Keya,1:33,,,,,
UC Berkeley,,,,,,1/14,Keya,,,,,,
UC Berkeley,Earth and Planetary Science,Home/Landing,,,https://eps.berkeley.edu/home,1/14,Keya,2:15,,,,,
UC Berkeley,Earth and Planetary Science,Undergrad education,,,https://eps.berkeley.edu/student-resources/undergraduate-students,1/14,Keya,2:15,,,,,
UC Berkeley,Earth and Planetary Science,Prospective students,,,https://eps.berkeley.edu/admissions,1/14,Keya,2:15,admissions not prospective students,,,,
UC Berkeley,Earth and Planetary Science,Advising,,,https://eps.berkeley.edu/student-resources/contact-student-services-advisors,1/14,Keya,2:15,,,,,
UC Berkeley,Earth and Planetary Science,Research,,,https://eps.berkeley.edu/research-news,1/14,Keya,2:15,,,,,
UC Berkeley,Earth and Planetary Science,Undergraduate Research,,,,1/14,Keya,2:15,,,,,
UC Berkeley,Earth and Planetary Science,DEI/JEDI,,,https://eps.berkeley.edu/about/diversity-inclusion,1/14,Keya,2:15,,,,,
UC Berkeley,Earth and Planetary Science,Chair’s Message,,,https://eps.berkeley.edu/about/department-chairs-letter,1/14,Keya,2:15,,,,,
UC Berkeley,Earth and Planetary Science,About,,,https://eps.berkeley.edu/sample-landing-page,1/14,Keya,2:15,,,,,
UC Berkeley,Earth and Planetary Science,Courses/Curriculum,,y,,1/14,Keya,2:15,,,,,
UC Berkeley,,,,,,1/14,Keya,,,,,,
UC Berkeley,Economics,Home/Landing,,,https://econ.berkeley.edu/,1/14,Keya,1:40,,,,,
UC Berkeley,Economics,Undergrad education,,,https://econ.berkeley.edu/undergraduate,1/14,Keya,1:40,,,,,
UC Berkeley,Economics,Prospective students,,,https://econ.berkeley.edu/undergraduate/admissions,1/14,Keya,1:40,,,,,
UC Berkeley,Economics,Advising,,,https://econ.berkeley.edu/undergraduate/advising,1/14,Keya,1:40,,,,,
UC Berkeley,Economics,Research,,,https://econ.berkeley.edu/research,1/14,Keya,1:40,,,,,
UC Berkeley,Economics,Undergraduate Research,,,,1/14,Keya,1:40,,,,,
UC Berkeley,Economics,DEI/JEDI,,,https://econ.berkeley.edu/about/climate-equity-diversity-inclusion,1/14,Keya,1:40,,,,,
UC Berkeley,Economics,Chair’s Message,,,,1/14,Keya,1:40,,,,,
UC Berkeley,Economics,About,,,https://econ.berkeley.edu/about,1/14,Keya,1:40,,,,,
UC Berkeley,Economics,Courses/Curriculum,,,https://econ.berkeley.edu/courses,1/14,Keya,1:40,,,,,
UC Berkeley,,,,,,1/14,Keya,,,,,,
UC Berkeley,Industrial Engineering and Operations Research,Home/Landing,,,https://ieor.berkeley.edu/,1/14,Keya,3:00,,,,,
UC Berkeley,Industrial Engineering and Operations Research,Undergrad education,,,https://ieor.berkeley.edu/academics/#Undergraduate,1/14,Keya,3:00,,,,,
UC Berkeley,Industrial Engineering and Operations Research,Prospective students,,,,1/14,Keya,3:00,,,,,
UC Berkeley,Industrial Engineering and Operations Research,Advising,,,,1/14,Keya,3:00,,,,,
UC Berkeley,Industrial Engineering and Operations Research,Research,,,https://ieor.berkeley.edu/research/,1/14,Keya,3:00,,,,,
UC Berkeley,Industrial Engineering and Operations Research,Undergraduate Research,,,,1/14,Keya,3:00,,,,,
UC Berkeley,Industrial Engineering and Operations Research,DEI/JEDI,,,https://ieor.berkeley.edu/about/diversity-equity-inclusion/,1/14,Keya,3:00,,,,,
UC Berkeley,Industrial Engineering and Operations Research,Chair’s Message,,,https://ieor.berkeley.edu/about/message-from-the-chair/,1/14,Keya,3:00,,,,,
UC Berkeley,Industrial Engineering and Operations Research,About,,,https://ieor.berkeley.edu/about/,1/14,Keya,3:00,,,,,
UC Berkeley,Industrial Engineering and Operations Research,Courses/Curriculum,,,,1/14,Keya,3:00,,,,,
UC Berkeley,,,,,,1/14,Keya,,,,,,
UC Berkeley,Materials Science and Engineering,Home/Landing,,,https://mse.berkeley.edu/,1/14,Keya,2:08,,,,,
UC Berkeley,Materials Science and Engineering,Undergrad education,,,https://mse.berkeley.edu/five-year-bs-ms/,1/14,Keya,2:08,,,,,
UC Berkeley,Materials Science and Engineering,Prospective students,,,https://mse.berkeley.edu/mse-major/,1/14,Keya,2:08,,,,,
UC Berkeley,Materials Science and Engineering,Advising,,,https://mse.berkeley.edu/advising/,1/14,Keya,2:08,,,,,
UC Berkeley,Materials Science and Engineering,Research,,,https://mse.berkeley.edu/research/#,1/14,Keya,2:08,,,,,
UC Berkeley,Materials Science and Engineering,Undergraduate Research,,,,1/14,Keya,2:08,,,,,
UC Berkeley,Materials Science and Engineering,DEI/JEDI,,,,1/14,Keya,2:08,,,,,
UC Berkeley,Materials Science and Engineering,Chair’s Message,,,,1/14,Keya,2:08,,,,,
UC Berkeley,Materials Science and Engineering,About,,,https://mse.berkeley.edu/about/,1/14,Keya,2:08,,,,,
UC Berkeley,Materials Science and Engineering,Courses/Curriculum,,,https://mse.berkeley.edu/courses/,1/14,Keya,2:08,,,,,
UC Berkeley,,,,,,1/14,Keya,,,,,,
UC Berkeley,Mechanical Engineering,Home/Landing,,,https://me.berkeley.edu/,1/14,Keya,2:05,,,,,
UC Berkeley,Mechanical Engineering,Undergrad education,,,https://me.berkeley.edu/undergraduate/,1/14,Keya,2:05,,,,,
UC Berkeley,Mechanical Engineering,Prospective students,,,https://me.berkeley.edu/undergraduate/prospective-students/,1/14,Keya,2:05,"""admissions""",,,,
UC Berkeley,Mechanical Engineering,Advising,,,https://me.berkeley.edu/undergraduate/advising/,1/14,Keya,2:05,,,,,
UC Berkeley,Mechanical Engineering,Research,,,https://me.berkeley.edu/research-areas-and-major-fields/,1/14,Keya,2:05,,,,,
UC Berkeley,Mechanical Engineering,Undergraduate Research,,,https://me.berkeley.edu/undergraduate/research/,1/14,Keya,2:05,,,,,
UC Berkeley,Mechanical Engineering,DEI/JEDI,,,https://me.berkeley.edu/about/equity-and-inclusion/,1/14,Keya,2:05,,,,,
UC Berkeley,Mechanical Engineering,Chair’s Message,,,https://me.berkeley.edu/about/from-the-chair/,1/14,Keya,2:05,,,,,
UC Berkeley,Mechanical Engineering,About,,,https://me.berkeley.edu/about/,1/14,Keya,2:05,,,,,
UC Berkeley,Mechanical Engineering,Courses/Curriculum,,y,,1/14,Keya,2:05,,,,,
UC Berkeley,,,,,,1/14,Keya,,,,,,
UC Berkeley,Nuclear Engineering,Home/Landing,,,https://nuc.berkeley.edu/,1/14,Keya,2:33,,,,,
UC Berkeley,Nuclear Engineering,Undergrad education,,,https://nuc.berkeley.edu/undergraduate-programs/,1/14,Keya,2:33,,,,,
UC Berkeley,Nuclear Engineering,Prospective students,,,https://nuc.berkeley.edu/admissions/,1/14,Keya,2:33,,,,,
UC Berkeley,Nuclear Engineering,Advising,,,,1/14,Keya,2:33,,,,,
UC Berkeley,Nuclear Engineering,Research,,,https://nuc.berkeley.edu/research/,1/14,Keya,2:33,,,,,
UC Berkeley,Nuclear Engineering,Undergraduate Research,,,,1/14,Keya,2:33,,,,,
UC Berkeley,Nuclear Engineering,DEI/JEDI,,,https://nuc.berkeley.edu/equity-and-inclusion/,1/14,Keya,2:33,,,,,
UC Berkeley,Nuclear Engineering,Chair’s Message,,,,1/14,Keya,2:33,,,,,
UC Berkeley,Nuclear Engineering,About,,,https://nuc.berkeley.edu/about/,1/14,Keya,2:33,,,,,
UC Berkeley,Nuclear Engineering,Courses/Curriculum,,,https://nuc.berkeley.edu/course-information/,1/14,Keya,2:33,,,,,
UC Berkeley,,,,,,1/14,Keya,,,,,,
UC Berkeley,Landscape Architecture & Environmental Planning,Home/Landing,,,https://ced.berkeley.edu/land,1/14,Keya,1:57,,,,,
UC Berkeley,Landscape Architecture & Environmental Planning,Undergrad education,,,https://ced.berkeley.edu/land/degrees-admissions/bachelor-of-arts-landscape-architecture,1/14,Keya,1:57,,,,,
UC Berkeley,Landscape Architecture & Environmental Planning,Prospective students,,,https://ced.berkeley.edu/land/degrees-admissions,1/14,Keya,1:57,,,,,
UC Berkeley,Landscape Architecture & Environmental Planning,Advising,,,https://ced.berkeley.edu/advising/undergraduate-advising,1/14,Keya,1:57,,,,,
UC Berkeley,Landscape Architecture & Environmental Planning,Research,,,,1/14,Keya,1:57,,,,,
UC Berkeley,Landscape Architecture & Environmental Planning,Undergraduate Research,,,,1/14,Keya,1:57,,,,,
UC Berkeley,Landscape Architecture & Environmental Planning,DEI/JEDI,,,,1/14,Keya,1:57,,,,,
UC Berkeley,Landscape Architecture & Environmental Planning,Chair’s Message,,,,1/14,Keya,1:57,,,,,
UC Berkeley,Landscape Architecture & Environmental Planning,About,,,https://ced.berkeley.edu/land/about,1/14,Keya,1:57,,,,,
UC Berkeley,Landscape Architecture & Environmental Planning,Courses/Curriculum,,,https://ced.berkeley.edu/land/courses,1/14,Keya,1:57,,,,,
UC Berkeley,,,,,,1/14,Keya,,,,,,
UC Berkeley,City & Regional Planning,Home/Landing,,,https://ced.berkeley.edu/city,1/14,Keya,1:08,,,,,
UC Berkeley,City & Regional Planning,Undergrad education,,,https://ced.berkeley.edu/city/degrees-admissions/bachelor-of-arts,1/14,Keya,1:08,,,,,
UC Berkeley,City & Regional Planning,Prospective students,,,https://ced.berkeley.edu/city/degrees-admissions,1/14,Keya,1:08,https://ced.berkeley.edu/advising/undergraduate-advising,,,,
UC Berkeley,City & Regional Planning,Advising,,,https://ced.berkeley.edu/city/advising,1/14,Keya,1:08,,,,,
UC Berkeley,City & Regional Planning,Research,,,,1/14,Keya,1:08,,,,,
UC Berkeley,City & Regional Planning,Undergraduate Research,,,,1/14,Keya,1:08,,,,,
UC Berkeley,City & Regional Planning,DEI/JEDI,,,,1/14,Keya,1:08,,,,,
UC Berkeley,City & Regional Planning,Chair’s Message,,,,1/14,Keya,1:08,,,,,
UC Berkeley,City & Regional Planning,About,,,https://ced.berkeley.edu/city/about,1/14,Keya,1:08,,,,,
UC Berkeley,City & Regional Planning,Courses/Curriculum,,,https://ced.berkeley.edu/city/courses,1/14,Keya,1:08,,,,,
UC Berkeley,,,,,,,Keya,,,,,,
UC Berkeley,Geography,Home/Landing,,,https://geography.berkeley.edu/home,1/15,Keya,1:52,,,,,
UC Berkeley,Geography,Undergrad education,,,https://geography.berkeley.edu/academics/undergraduate-studies,1/15,Keya,1:52,,,,,
UC Berkeley,Geography,Prospective students,,,https://geography.berkeley.edu/academics/undergraduate-studies/why-choose-geography,1/15,Keya,1:52,not specifically called prospective students,,,,
UC Berkeley,Geography,Advising,,,https://geography.berkeley.edu/academics/undergraduate-studies/advising,1/15,Keya,1:52,,,,,
UC Berkeley,Geography,Research,,,,1/15,Keya,1:52,,,,,
UC Berkeley,Geography,Undergraduate Research,,,,1/15,Keya,1:52,,,,,
UC Berkeley,Geography,DEI/JEDI,,,https://geography.berkeley.edu/resources/equity-diversity-inclusion,1/15,Keya,1:52,,,,,
UC Berkeley,Geography,Chair’s Message,,,,1/15,Keya,1:52,,,,,
UC Berkeley,Geography,About,,,https://geography.berkeley.edu/about,1/15,Keya,1:52,,,,,
UC Berkeley,Geography,Courses/Curriculum,,,https://geography.berkeley.edu/academics/courses,1/15,Keya,1:52,,,,,
UC Berkeley,,,,,,,Keya,,,,,,
UC Berkeley,Integrative Biology,Home/Landing,,,https://ib.berkeley.edu/,1/22/2025,Keya,2:03,,,,,
UC Berkeley,Integrative Biology,Undergrad education,,,https://ib.berkeley.edu/undergrad,1/22/2025,Keya,2:03,,,,,
UC Berkeley,Integrative Biology,Prospective students,,,https://ib.berkeley.edu/undergrad/whatisib.php,1/22/2025,Keya,2:03,,,,,
UC Berkeley,Integrative Biology,Advising,,,https://ib.berkeley.edu/undergrad/advising.php,1/22/2025,Keya,2:03,,,,,
UC Berkeley,Integrative Biology,Research,,,https://ib.berkeley.edu/research,1/22/2025,Keya,2:03,,,,,
UC Berkeley,Integrative Biology,Undergraduate Research,,,https://ib.berkeley.edu/undergrad/research.php,1/22/2025,Keya,2:03,,,,,
UC Berkeley,Integrative Biology,DEI/JEDI,,,https://ib.berkeley.edu/diversity,1/22/2025,Keya,2:03,,,,,
UC Berkeley,Integrative Biology,Chair’s Message,,,,1/22/2025,Keya,2:03,,,,,
UC Berkeley,Integrative Biology,About,,,https://ib.berkeley.edu/about,1/22/2025,Keya,2:03,,,,,
UC Berkeley,Integrative Biology,Courses/Curriculum,,,https://ib.berkeley.edu/academics/courses,1/22/2025,Keya,2:03,,,,,
UC Berkeley,,,,,,1/22/2025,Keya,,,,,,
UC Berkeley,Mathematics,Home/Landing,,,https://math.berkeley.edu/home,1/22/2025,Keya,1:38,,,,,
UC Berkeley,Mathematics,Undergrad education,,,https://math.berkeley.edu/undergraduate,1/22/2025,Keya,1:38,,,,,
UC Berkeley,Mathematics,Prospective students,,,,1/22/2025,Keya,1:38,,,,,
UC Berkeley,Mathematics,Advising,,,https://math.berkeley.edu/undergraduate/advising,1/22/2025,Keya,1:38,,,,,
UC Berkeley,Mathematics,Research,,,https://math.berkeley.edu/research,1/22/2025,Keya,1:38,,,,,
UC Berkeley,Mathematics,Undergraduate Research,,,https://math.berkeley.edu/undergraduate/undergraduate-research-opportunities,1/22/2025,Keya,1:38,,,,,
UC Berkeley,Mathematics,DEI/JEDI,,,https://math.berkeley.edu/about/equity-inclusion-and-diversity,1/22/2025,Keya,1:38,,,,,
UC Berkeley,Mathematics,Chair’s Message,,,,1/22/2025,Keya,1:38,,,,,
UC Berkeley,Mathematics,About,,,https://math.berkeley.edu/about,1/22/2025,Keya,1:38,,,,,
UC Berkeley,Mathematics,Courses/Curriculum,,,https://math.berkeley.edu/courses,1/22/2025,Keya,1:38,,,,,
UC Berkeley,,,,,,1/22/2025,Keya,,,,,,
UC Berkeley,Plant & Microbial Biology,Home/Landing,,,https://plantandmicrobiology.berkeley.edu/,1/22/2025,Keya,1:53,,,,,
UC Berkeley,Plant & Microbial Biology,Undergrad education,,,https://plantandmicrobiology.berkeley.edu/undergraduate-majors,1/22/2025,Keya,1:53,,,,,
UC Berkeley,Plant & Microbial Biology,Prospective students,,,,1/22/2025,Keya,1:53,,,,,
UC Berkeley,Plant & Microbial Biology,Advising,,,,1/22/2025,Keya,1:53,,,,,
UC Berkeley,Plant & Microbial Biology,Research,,,https://plantandmicrobiology.berkeley.edu/research,1/22/2025,Keya,1:53,,,,,
UC Berkeley,Plant & Microbial Biology,Undergraduate Research,,,https://nature.berkeley.edu/research/undergraduate-research,1/22/2025,Keya,1:53,,,,,
UC Berkeley,Plant & Microbial Biology,DEI/JEDI,,,,1/22/2025,Keya,1:53,,,,,
UC Berkeley,Plant & Microbial Biology,Chair’s Message,,,,1/22/2025,Keya,1:53,,,,,
UC Berkeley,Plant & Microbial Biology,About,,,https://plantandmicrobiology.berkeley.edu/about,1/22/2025,Keya,1:53,,,,,
UC Berkeley,Plant & Microbial Biology,Courses/Curriculum,,,,1/22/2025,Keya,1:53,,,,,
UC Berkeley,,,,,,1/22/2025,Keya,,,,,,
UC Berkeley,Molecular and Cell Biology,Home/Landing,,,https://mcb.berkeley.edu/,1/22/2025,Keya,2:46,,,,,
UC Berkeley,Molecular and Cell Biology,Undergrad education,,,https://mcb.berkeley.edu/undergrad,1/22/2025,Keya,2:46,,,,,
UC Berkeley,Molecular and Cell Biology,Prospective students,,,https://mcb.berkeley.edu/undergrad/prospective-students,1/22/2025,Keya,2:46,,,,,
UC Berkeley,Molecular and Cell Biology,Advising,,,https://mcb.berkeley.edu/undergrad/advising/advising-office/advising-services,1/22/2025,Keya,2:46,,,,,
UC Berkeley,Molecular and Cell Biology,Research,,,https://mcb.berkeley.edu/faculty-and-research,1/22/2025,Keya,2:46,,,,,
UC Berkeley,Molecular and Cell Biology,Undergraduate Research,,,https://mcb.berkeley.edu/undergrad/research,1/22/2025,Keya,2:46,,,,,
UC Berkeley,Molecular and Cell Biology,DEI/JEDI,,,https://mcb.berkeley.edu/diversity,1/22/2025,Keya,2:46,,,,,
UC Berkeley,Molecular and Cell Biology,Chair’s Message,,,,1/22/2025,Keya,2:46,,,,,
UC Berkeley,Molecular and Cell Biology,About,,,https://mcb.berkeley.edu/about-the-department,1/22/2025,Keya,2:46,,,,,
UC Berkeley,Molecular and Cell Biology,Courses/Curriculum,,,https://mcb.berkeley.edu/academic-programs/courses,1/22/2025,Keya,2:46,,,,,
UC Berkeley,,,,,,1/22/2025,Keya,,,,,,
UC Berkeley,Neuroscience,Home/Landing,,,https://neuroscience.berkeley.edu/home,1/22/2025,Keya,1:46,,,,,
UC Berkeley,Neuroscience,Undergrad education,,,https://neuroscience.berkeley.edu/academics/undergraduate,1/22/2025,Keya,1:46,,,,,
UC Berkeley,Neuroscience,Prospective students,,,https://neuroscience.berkeley.edu/academics/undergraduate/declare,1/22/2025,Keya,1:46,"not necessarily a prospective students page, more of a how to declare",,,,
UC Berkeley,Neuroscience,Advising,,,https://neuroscience.berkeley.edu/academics/undergraduate/advising,1/22/2025,Keya,1:46,,,,,
UC Berkeley,Neuroscience,Research,,,https://neuroscience.berkeley.edu/research-areas,1/22/2025,Keya,1:46,,,,,
UC Berkeley,Neuroscience,Undergraduate Research,,,https://neuroscience.berkeley.edu/undergraduate-research-neuroscience,1/22/2025,Keya,1:46,,,,,
UC Berkeley,Neuroscience,DEI/JEDI,,,https://neuroscience.berkeley.edu/about/diversity-equity-inclusion,1/22/2025,Keya,1:46,,,,,
UC Berkeley,Neuroscience,Chair’s Message,,,,1/22/2025,Keya,1:46,,,,,
UC Berkeley,Neuroscience,About,,,https://neuroscience.berkeley.edu/about,1/22/2025,Keya,1:46,,,,,
UC Berkeley,Neuroscience,Courses/Curriculum,,,https://neuroscience.berkeley.edu/courses,1/22/2025,Keya,1:46,,,,,
UC Berkeley,,,,,,1/22/2025,Keya,,,,,,
UC Berkeley,Nutritional Sciences & Toxicology,Home/Landing,,,https://nst.berkeley.edu/,1/22/2025,Keya,1:15,,,,,
UC Berkeley,Nutritional Sciences & Toxicology,Undergrad education,,,https://nst.berkeley.edu/undergraduate,1/22/2025,Keya,1:15,,,,,
UC Berkeley,Nutritional Sciences & Toxicology,Prospective students,,,,1/22/2025,Keya,1:15,,,,,
UC Berkeley,Nutritional Sciences & Toxicology,Advising,,,https://nature.berkeley.edu/advising/meet-rausser-advisors#nst-advisor,1/22/2025,Keya,1:15,,,,,
UC Berkeley,Nutritional Sciences & Toxicology,Research,,,https://nst.berkeley.edu/research,1/22/2025,Keya,1:15,,,,,
UC Berkeley,Nutritional Sciences & Toxicology,Undergraduate Research,,,https://nature.berkeley.edu/research/undergraduate-research,1/22/2025,Keya,1:15,,,,,
UC Berkeley,Nutritional Sciences & Toxicology,DEI/JEDI,,,https://nst.berkeley.edu/diversity-equity-inclusion,1/22/2025,Keya,1:15,,,,,
UC Berkeley,Nutritional Sciences & Toxicology,Chair’s Message,,,,1/22/2025,Keya,1:15,,,,,
UC Berkeley,Nutritional Sciences & Toxicology,About,,,https://nst.berkeley.edu/about,1/22/2025,Keya,1:15,,,,,
UC Berkeley,Nutritional Sciences & Toxicology,Courses/Curriculum,,,,1/22/2025,Keya,1:15,,,,,
UC Berkeley,,,,,,1/22/2025,Keya,,,,,,
UC Berkeley,Physics,Home/Landing,,,https://physics.berkeley.edu/,1/22/2025,Keya,2:25,,,,,
UC Berkeley,Physics,Undergrad education,,,https://physics.berkeley.edu/academics/undergraduate-degree,1/22/2025,Keya,2:25,,,,,
UC Berkeley,Physics,Prospective students,,,https://physics.berkeley.edu/academics/undergraduate-degree/undergraduate-admissions,1/22/2025,Keya,2:25,admissions,,,,
UC Berkeley,Physics,Advising,,,https://physics.berkeley.edu/student-life/student-support-advising,1/22/2025,Keya,2:25,,,,,
UC Berkeley,Physics,Research,,,https://physics.berkeley.edu/research-faculty,1/22/2025,Keya,2:25,,,,,
UC Berkeley,Physics,Undergraduate Research,,,https://physics.berkeley.edu/academics/undergraduate-research,1/22/2025,Keya,2:25,,,,,
UC Berkeley,Physics,DEI/JEDI,,,https://physics.berkeley.edu/equity-inclusion,1/22/2025,Keya,2:25,,,,,
UC Berkeley,Physics,Chair’s Message,,,,1/22/2025,Keya,2:25,,,,,
UC Berkeley,Physics,About,,,https://physics.berkeley.edu/welcome/our-community,1/22/2025,Keya,2:25,,,,,
UC Berkeley,Physics,Courses/Curriculum,,,https://physics.berkeley.edu/academics/courses,1/22/2025,Keya,2:25,,,,,
UC Berkeley,,,,,,1/22/2025,Keya,,,,,,
UC Berkeley,Psychology,Home/Landing,,,https://psychology.berkeley.edu/,1/22/2025,Keya,1:37,,,,,
UC Berkeley,Psychology,Undergrad education,,,https://psychology.berkeley.edu/students/undergraduate-program,1/22/2025,Keya,1:37,,,,,
UC Berkeley,Psychology,Prospective students,,,,1/22/2025,Keya,1:37,,,,,
UC Berkeley,Psychology,Advising,,,https://psychology.berkeley.edu/students/undergraduate-program/academic-advising,1/22/2025,Keya,1:37,,,,,
UC Berkeley,Psychology,Research,,,https://psychology.berkeley.edu/research,1/22/2025,Keya,1:37,,,,,
UC Berkeley,Psychology,Undergraduate Research,,,https://psychology.berkeley.edu/students/undergraduate-program/research-discovery,1/22/2025,Keya,1:37,,,,,
UC Berkeley,Psychology,DEI/JEDI,,,https://psychology.berkeley.edu/diversity/ucb-psychology-diversity-vision-statement,1/22/2025,Keya,1:37,,,,,
UC Berkeley,Psychology,Chair’s Message,,,,1/22/2025,Keya,1:37,,,,,
UC Berkeley,Psychology,About,,,https://psychology.berkeley.edu/about,1/22/2025,Keya,1:37,,,,,
UC Berkeley,Psychology,Courses/Curriculum,,,https://psychology.berkeley.edu/students/undergraduate-program/enrollment-course-information,1/22/2025,Keya,1:37,,,,,