Institution,STEM,Department,Website_Type,Subset,OutsideDoc,URL,Date_Collected,Scraper,Time_to_Scrape,Notes
UC San Diego,Y,Anthropology,Home/Landing,,,https://anthropology.ucsd.edu/,9/30/2024,Nate,4:58,Check for list of departments here: https://admissions.ucsd.edu/why/majors/index.html
UC San Diego,Y,Anthropology,Undergrad education,,,https://anthropology.ucsd.edu/undergraduate-studies/major-minor/index.html,9/30/2024,Nate,4:58,
UC San Diego,Y,Anthropology,Prospective students,,,https://anthropology.ucsd.edu/undergraduate-studies/prospective-transfer-students.html,9/30/2024,Nate,4:58,
UC San Diego,Y,Anthropology,Advising,,,https://anthropology.ucsd.edu/about-us/contact/advising-hours.html,9/30/2024,Nate,4:58,
UC San Diego,Y,Anthropology,Research,,,https://anthropology.ucsd.edu/research/index.html,9/30/2024,Nate,4:58,
UC San Diego,Y,Anthropology,Undergraduate Research,,,,9/30/2024,Nate,4:58,
UC San Diego,Y,Anthropology,DEI/JEDI,,,,9/30/2024,Nate,4:58,
UC San Diego,Y,Anthropology,Chair’s Message,,,,9/30/2024,Nate,4:58,
UC San Diego,Y,Anthropology,About,,,https://anthropology.ucsd.edu/about-us/index.html,9/30/2024,Nate,4:58,
UC San Diego,Y,Anthropology,Courses/Curriculum,,,https://anthropology.ucsd.edu/undergraduate-studies/courses/index.html,9/30/2024,Nate,4:58,
UC San Diego,N,Visual Arts,Home/Landing,,,https://visarts.ucsd.edu/,9/30/2024,Nate,2:46,
UC San Diego,N,Visual Arts,Undergrad education,,,https://visarts.ucsd.edu/undergrad/index.html,9/30/2024,Nate,2:46,
UC San Diego,N,Visual Arts,Prospective students,,,,9/30/2024,Nate,2:46,
UC San Diego,N,Visual Arts,Advising,,,https://visarts.ucsd.edu/undergrad/academic-advising/index.html,9/30/2024,Nate,2:46,
UC San Diego,N,Visual Arts,Research,,,,9/30/2024,Nate,2:46,
UC San Diego,N,Visual Arts,Undergraduate Research,,,https://visarts.ucsd.edu/undergrad/scholarships.html,9/30/2024,Nate,2:46,
UC San Diego,N,Visual Arts,DEI/JEDI,,,https://visarts.ucsd.edu/diversity/index.html,9/30/2024,Nate,2:46,
UC San Diego,N,Visual Arts,Chair’s Message,,,https://visarts.ucsd.edu/about/chairs-message.html,9/30/2024,Nate,2:46,
UC San Diego,N,Visual Arts,About,,,https://visarts.ucsd.edu/about/index.html,9/30/2024,Nate,2:46,
UC San Diego,N,Visual Arts,Courses/Curriculum,,,https://visarts.ucsd.edu/undergrad/major-req/index.html,9/30/2024,Nate,2:46,
UC San Diego,Y,Astronomy and Astrophysics,Home/Landing,,,https://astro.ucsd.edu/,9/30/2024,Nate,2:49,
UC San Diego,Y,Astronomy and Astrophysics,Undergrad education,,,https://astro.ucsd.edu/undergraduate/index.html,9/30/2024,Nate,2:49,
UC San Diego,Y,Astronomy and Astrophysics,Prospective students,,,https://astro.ucsd.edu/undergraduate/incoming-students/index.html,9/30/2024,Nate,2:49,
UC San Diego,Y,Astronomy and Astrophysics,Advising,,,https://astro.ucsd.edu/undergraduate/academic-advising/index.html,9/30/2024,Nate,2:49,
UC San Diego,Y,Astronomy and Astrophysics,Research,,,https://astro.ucsd.edu/research/index.html,9/30/2024,Nate,2:49,
UC San Diego,Y,Astronomy and Astrophysics,Undergraduate Research,,,https://astro.ucsd.edu/undergraduate/research-opportunities/index.html,9/30/2024,Nate,2:49,
UC San Diego,Y,Astronomy and Astrophysics,DEI/JEDI,,,https://astro.ucsd.edu/community/edib/index.html,9/30/2024,Nate,2:49,
UC San Diego,Y,Astronomy and Astrophysics,Chair’s Message,,,,9/30/2024,Nate,2:49,
UC San Diego,Y,Astronomy and Astrophysics,About,,,https://astro.ucsd.edu/about/index.html,9/30/2024,Nate,2:49,
UC San Diego,Y,Astronomy and Astrophysics,Courses/Curriculum,,,https://astro.ucsd.edu/undergraduate/courses/index.html,9/30/2024,Nate,2:49,
UC San Diego,Y,Bioengineering,Home/Landing,,,https://be.ucsd.edu/,9/30/2024,Nate,2:45,
UC San Diego,Y,Bioengineering,Undergrad education,,,https://be.ucsd.edu/undergrad,9/30/2024,Nate,2:45,
UC San Diego,Y,Bioengineering,Prospective students,,,https://be.ucsd.edu/undergrad/prospective-students,9/30/2024,Nate,2:45,
UC San Diego,Y,Bioengineering,Advising,,,https://be.ucsd.edu/undergrad/advising,9/30/2024,Nate,2:45,
UC San Diego,Y,Bioengineering,Research,,,https://be.ucsd.edu/research-groups,9/30/2024,Nate,2:45,
UC San Diego,Y,Bioengineering,Undergraduate Research,,,https://be.ucsd.edu/undergrad/research,9/30/2024,Nate,2:45,
UC San Diego,Y,Bioengineering,DEI/JEDI,,,https://be.ucsd.edu/edi,9/30/2024,Nate,2:45,
UC San Diego,Y,Bioengineering,Chair’s Message,,,,9/30/2024,Nate,2:45,
UC San Diego,Y,Bioengineering,About,,,https://be.ucsd.edu/about,9/30/2024,Nate,2:45,
UC San Diego,Y,Bioengineering,Courses/Curriculum,,,https://be.ucsd.edu/undergrad/programs,9/30/2024,Nate,2:45,
UC San Diego,Y,Biological Sciences,Home/Landing,,,https://biology.ucsd.edu/,9/30/2024,Nate,3:40,
UC San Diego,Y,Biological Sciences,Undergrad education,,,https://biology.ucsd.edu/education/undergrad/index.html,9/30/2024,Nate,3:40,
UC San Diego,Y,Biological Sciences,Prospective students,,,https://biology.ucsd.edu/education/undergrad/admission/index.html,9/30/2024,Nate,3:40,
UC San Diego,Y,Biological Sciences,Advising,,,https://biology.ucsd.edu/education/undergrad/advising/index.html,9/30/2024,Nate,3:40,
UC San Diego,Y,Biological Sciences,Research,,,https://biology.ucsd.edu/research/research-topics/index,9/30/2024,Nate,3:40,
UC San Diego,Y,Biological Sciences,Undergraduate Research,,,https://biology.ucsd.edu/education/undergrad/research/index.html,9/30/2024,Nate,3:40,
UC San Diego,Y,Biological Sciences,DEI/JEDI,,,https://biology.ucsd.edu/equity-diversity-inclusion/index.html,9/30/2024,Nate,3:40,
UC San Diego,Y,Biological Sciences,Chair’s Message,,,,9/30/2024,Nate,3:40,
UC San Diego,Y,Biological Sciences,About,,,https://biology.ucsd.edu/about/index.html,9/30/2024,Nate,3:40,
UC San Diego,Y,Biological Sciences,Courses/Curriculum,,,https://biology.ucsd.edu/education/undergrad/course/index.html,9/30/2024,Nate,3:40,
UC San Diego,N,Black Diaspora and African American Studies,Home/Landing,,,https://bdaas.ucsd.edu/,9/30/2024,Nate,2:45,
UC San Diego,N,Black Diaspora and African American Studies,Undergrad education,,,https://bdaas.ucsd.edu/undergraduate/index.html,9/30/2024,Nate,2:45,
UC San Diego,N,Black Diaspora and African American Studies,Prospective students,,,,9/30/2024,Nate,2:45,
UC San Diego,N,Black Diaspora and African American Studies,Advising,,,,9/30/2024,Nate,2:45,
UC San Diego,N,Black Diaspora and African American Studies,Research,,,,9/30/2024,Nate,2:45,
UC San Diego,N,Black Diaspora and African American Studies,Undergraduate Research,,,,9/30/2024,Nate,2:45,
UC San Diego,N,Black Diaspora and African American Studies,DEI/JEDI,,,,9/30/2024,Nate,2:45,
UC San Diego,N,Black Diaspora and African American Studies,Chair’s Message,,,https://bdaas.ucsd.edu/about/directors-message.html,9/30/2024,Nate,2:45,
UC San Diego,N,Black Diaspora and African American Studies,About,,,https://bdaas.ucsd.edu/about/index.html,9/30/2024,Nate,2:45,
UC San Diego,N,Black Diaspora and African American Studies,Courses/Curriculum,,,https://bdaas.ucsd.edu/courses/index.html,9/30/2024,Nate,2:45,
UC San Diego,Y,Chemistry and Biochemistry,Home/Landing,,,https://chemistryandbiochemistry.ucsd.edu/,9/30/2024,Nate,3:28,
UC San Diego,Y,Chemistry and Biochemistry,Undergrad education,,,https://chemistry.ucsd.edu/undergraduate/index.html,9/30/2024,Nate,3:28,
UC San Diego,Y,Chemistry and Biochemistry,Prospective students,,,https://chemistry.ucsd.edu/undergraduate/incoming-students/index.html,9/30/2024,Nate,3:28,
UC San Diego,Y,Chemistry and Biochemistry,Advising,,,https://chemistry.ucsd.edu/undergraduate/academic-advising/index.html,9/30/2024,Nate,3:28,
UC San Diego,Y,Chemistry and Biochemistry,Research,,,https://chemistry.ucsd.edu/research/institutes/,9/30/2024,Nate,3:28,
UC San Diego,Y,Chemistry and Biochemistry,Undergraduate Research,,,https://chemistry.ucsd.edu/undergraduate/research/index.html,9/30/2024,Nate,3:28,
UC San Diego,Y,Chemistry and Biochemistry,DEI/JEDI,,,,9/30/2024,Nate,3:28,
UC San Diego,Y,Chemistry and Biochemistry,Chair’s Message,,,,9/30/2024,Nate,3:28,
UC San Diego,Y,Chemistry and Biochemistry,About,,,,9/30/2024,Nate,3:28,
UC San Diego,Y,Chemistry and Biochemistry,Courses/Curriculum,,,https://chemistry.ucsd.edu/undergraduate/courses/index.html,9/30/2024,Nate,3:28,
UC San Diego,N,Chinese Studies,,,,https://chinesestudies.ucsd.edu/,9/30/2024,Nate,2:52,Program
UC San Diego,N,Classical Studies,,,,https://iah.ucsd.edu/academics/classical-studies/index.html,9/30/2024,Nate,,Program
UC San Diego,Y,Cognitive Science,Home/Landing,,,https://cogsci.ucsd.edu/,9/30/2024,Nate,3:10,
UC San Diego,Y,Cognitive Science,Undergrad education,,,https://cogsci.ucsd.edu/undergraduates/index.html,9/30/2024,Nate,3:10,
UC San Diego,Y,Cognitive Science,Prospective students,,,https://cogsci.ucsd.edu/undergraduates/prospectives/index.html,9/30/2024,Nate,3:10,
UC San Diego,Y,Cognitive Science,Advising,,,https://cogsci.ucsd.edu/undergraduates/advising/index.html,9/30/2024,Nate,3:10,
UC San Diego,Y,Cognitive Science,Research,,,https://cogsci.ucsd.edu/research/index.html,9/30/2024,Nate,3:10,
UC San Diego,Y,Cognitive Science,Undergraduate Research,,,,9/30/2024,Nate,3:10,
UC San Diego,Y,Cognitive Science,DEI/JEDI,,,https://sites.google.com/ucsd.edu/diversity/home,9/30/2024,Nate,3:10,
UC San Diego,Y,Cognitive Science,Chair’s Message,,,,9/30/2024,Nate,3:10,
UC San Diego,Y,Cognitive Science,About,,,https://cogsci.ucsd.edu/about/index.html,9/30/2024,Nate,3:10,
UC San Diego,Y,Cognitive Science,Courses/Curriculum,,,https://cogsci.ucsd.edu/undergraduates/courses/index.html,9/30/2024,Nate,3:10,
UC San Diego,N,Communication,Home/Landing,,,https://communication.ucsd.edu/,9/30/2024,Nate,3:50,
UC San Diego,N,Communication,Undergrad education,,,https://communication.ucsd.edu/undergrad/index.html,9/30/2024,Nate,3:50,
UC San Diego,N,Communication,Prospective students,,,https://communication.ucsd.edu/undergrad/current-prospective/index.html,9/30/2024,Nate,3:50,
UC San Diego,N,Communication,Advising,,,https://communication.ucsd.edu/undergrad/current-prospective/academic-advising/index.html,9/30/2024,Nate,3:50,
UC San Diego,N,Communication,Research,,,https://communication.ucsd.edu/research/index.html,9/30/2024,Nate,3:50,
UC San Diego,N,Communication,Undergraduate Research,,,,9/30/2024,Nate,3:50,
UC San Diego,N,Communication,DEI/JEDI,,,,9/30/2024,Nate,3:50,
UC San Diego,N,Communication,Chair’s Message,,,,9/30/2024,Nate,3:50,
UC San Diego,N,Communication,About,,,https://communication.ucsd.edu/about/index.html,9/30/2024,Nate,3:50,
UC San Diego,N,Communication,Courses/Curriculum,,,https://communication.ucsd.edu/undergrad/courses/index.html,9/30/2024,Nate,3:50,
UC San Diego,Y,Computer Science and Engineering,Home/Landing,,,https://cse.ucsd.edu/,10/16/2024,Nate,1:38,
UC San Diego,Y,Computer Science and Engineering,Undergrad education,,,https://cse.ucsd.edu/undergraduate,10/16/2024,Nate,1:38,
UC San Diego,Y,Computer Science and Engineering,Prospective students,,,https://cse.ucsd.edu/undergraduate/prospectivestudents,10/16/2024,Nate,1:38,
UC San Diego,Y,Computer Science and Engineering,Advising,,,https://cse.ucsd.edu/undergraduate/advising/cse-student-affairs-office-hours,10/16/2024,Nate,1:38,
UC San Diego,Y,Computer Science and Engineering,Research,,,https://cse.ucsd.edu/research,10/16/2024,Nate,1:38,
UC San Diego,Y,Computer Science and Engineering,Undergraduate Research,,,https://cse.ucsd.edu/undergraduate/undergraduate-research,10/16/2024,Nate,1:38,
UC San Diego,Y,Computer Science and Engineering,DEI/JEDI,,,https://cse.ucsd.edu/diversity_equity_inclusion,10/16/2024,Nate,1:38,
UC San Diego,Y,Computer Science and Engineering,Chair’s Message,,,,10/16/2024,Nate,1:38,
UC San Diego,Y,Computer Science and Engineering,About,,,https://cse.ucsd.edu/about,10/16/2024,Nate,1:38,
UC San Diego,Y,Computer Science and Engineering,Courses/Curriculum,,,https://cse.ucsd.edu/undergraduate/undergraduate-information-homepage,10/16/2024,Nate,1:38,
UC San Diego,N,Critical Gender Studies,,,,,10/16/2024,Nate,,Program
UC San Diego,N,Theatre and Dance,Home/Landing,,,https://theatre.ucsd.edu/,10/16/2024,Nate,2:15,
UC San Diego,N,Theatre and Dance,Undergrad education,,,https://theatre.ucsd.edu/academics/index.html,10/16/2024,Nate,2:15,
UC San Diego,N,Theatre and Dance,Prospective students,,,https://theatre.ucsd.edu/admissions/undergraduate/index.html,10/16/2024,Nate,2:15,
UC San Diego,N,Theatre and Dance,Advising,,,https://theatre.ucsd.edu/academics/undergraduate/advising.html,10/16/2024,Nate,2:15,
UC San Diego,N,Theatre and Dance,Research,,,,10/16/2024,Nate,2:15,
UC San Diego,N,Theatre and Dance,Undergraduate Research,,,,10/16/2024,Nate,2:15,
UC San Diego,N,Theatre and Dance,DEI/JEDI,,,https://theatre.ucsd.edu/about/equity-diversity-inclusion.html,10/16/2024,Nate,2:15,
UC San Diego,N,Theatre and Dance,Chair’s Message,,,,10/16/2024,Nate,2:15,
UC San Diego,N,Theatre and Dance,About,,,https://theatre.ucsd.edu/about/index.html,10/16/2024,Nate,2:15,
UC San Diego,N,Theatre and Dance,Courses/Curriculum,,,https://theatre.ucsd.edu/academics/undergraduate/theatre.html,10/16/2024,Nate,2:15,
UC San Diego,Y,Data Science,Home/Landing,,,https://datascience.ucsd.edu/,10/16/2024,Nate,2:32,
UC San Diego,Y,Data Science,Undergrad education,,,,10/16/2024,Nate,2:32,
UC San Diego,Y,Data Science,Prospective students,,,https://datascience.ucsd.edu/prospective-students/prospective-first-year-students/,10/16/2024,Nate,2:32,
UC San Diego,Y,Data Science,Advising,,,https://datascience.ucsd.edu/current-students/academic-advising/,10/16/2024,Nate,2:32,
UC San Diego,Y,Data Science,Research,,,https://datascience.ucsd.edu/research/,10/16/2024,Nate,2:32,
UC San Diego,Y,Data Science,Undergraduate Research,,,,10/16/2024,Nate,2:32,
UC San Diego,Y,Data Science,DEI/JEDI,,,https://datascience.ucsd.edu/dei-commitment-and-resources/,10/16/2024,Nate,2:32,
UC San Diego,Y,Data Science,Chair’s Message,,,,10/16/2024,Nate,2:32,
UC San Diego,Y,Data Science,About,,,https://datascience.ucsd.edu/mission-and-goals/,10/16/2024,Nate,2:32,
UC San Diego,Y,Data Science,Courses/Curriculum,,,https://datascience.ucsd.edu/current-students/course-descriptions-and-prerequisites/,10/16/2024,Nate,2:32,
UC San Diego,Y,Economics,Home/Landing,,,https://economics.ucsd.edu/,10/16/2024,Nate,2:17,
UC San Diego,Y,Economics,Undergrad education,,,https://economics.ucsd.edu/undergraduate-program/index.html,10/16/2024,Nate,2:17,
UC San Diego,Y,Economics,Prospective students,,,https://economics.ucsd.edu/undergraduate-program/prospective-student-info/index.html,10/16/2024,Nate,2:17,
UC San Diego,Y,Economics,Advising,,,https://economics.ucsd.edu/undergraduate-program/resources/undergrad-contact.html,10/16/2024,Nate,2:17,
UC San Diego,Y,Economics,Research,,,https://economics.ucsd.edu/faculty-and-research/research-groups.html,10/16/2024,Nate,2:17,
UC San Diego,Y,Economics,Undergraduate Research,,,https://economics.ucsd.edu/undergraduate-program/resources/opportunities-for-our-majors/research-opportunities.html,10/16/2024,Nate,2:17,
UC San Diego,Y,Economics,DEI/JEDI,,,https://economics.ucsd.edu/about/diversity.html,10/16/2024,Nate,2:17,
UC San Diego,Y,Economics,Chair’s Message,,,https://economics.ucsd.edu/about/chair-message.html,10/16/2024,Nate,2:17,
UC San Diego,Y,Economics,About,,,https://economics.ucsd.edu/about/index.html,10/16/2024,Nate,2:17,
UC San Diego,Y,Economics,Courses/Curriculum,,,https://economics.ucsd.edu/undergraduate-program/resources/courses/index.html,10/16/2024,Nate,2:17,
UC San Diego,N,Education Studies,Home/Landing,,,https://eds.ucsd.edu/,10/16/2024,Nate,2:10,
UC San Diego,N,Education Studies,Undergrad education,,,https://eds.ucsd.edu/undergraduate/index.html,10/16/2024,Nate,2:10,
UC San Diego,N,Education Studies,Prospective students,,,https://eds.ucsd.edu/undergraduate/major.html,10/16/2024,Nate,2:10,
UC San Diego,N,Education Studies,Advising,,,https://eds.ucsd.edu/undergraduate/ug-advising.html,10/16/2024,Nate,2:10,
UC San Diego,N,Education Studies,Research,,,,10/16/2024,Nate,2:10,
UC San Diego,N,Education Studies,Undergraduate Research,,,https://eds.ucsd.edu/undergraduate/research.html,10/16/2024,Nate,2:10,
UC San Diego,N,Education Studies,DEI/JEDI,,,https://eds.ucsd.edu/discover/statements/index.html,10/16/2024,Nate,2:10,
UC San Diego,N,Education Studies,Chair’s Message,,,https://eds.ucsd.edu/discover/index.html,10/16/2024,Nate,2:10,
UC San Diego,N,Education Studies,About,,,https://eds.ucsd.edu/discover/index.html,10/16/2024,Nate,2:10,
UC San Diego,N,Education Studies,Courses/Curriculum,,,https://eds.ucsd.edu/undergraduate/courses/index.html,10/16/2024,Nate,2:10,
UC San Diego,Y,Electrical and Computer Engineering,Home/Landing,,,https://ece.ucsd.edu/,10/16/2024,Nate,3:21,
UC San Diego,Y,Electrical and Computer Engineering,Undergrad education,,,https://ece.ucsd.edu/undergraduate/undergraduate-programs,10/16/2024,Nate,3:21,
UC San Diego,Y,Electrical and Computer Engineering,Prospective students,,,https://ece.ucsd.edu/undergraduate/undergraduate-admissions,10/16/2024,Nate,3:21,
UC San Diego,Y,Electrical and Computer Engineering,Advising,,,https://ece.ucsd.edu/undergraduate/ece-undergraduate-advising-office,10/16/2024,Nate,3:21,
UC San Diego,Y,Electrical and Computer Engineering,Research,,,https://ece.ucsd.edu/faculty-research/ece-research-areas,10/16/2024,Nate,3:21,
UC San Diego,Y,Electrical and Computer Engineering,Undergraduate Research,,,,10/16/2024,Nate,3:21,
UC San Diego,Y,Electrical and Computer Engineering,DEI/JEDI,,,https://ece.ucsd.edu/diversity/diversity-equity-and-inclusion-ece,10/16/2024,Nate,3:21,
UC San Diego,Y,Electrical and Computer Engineering,Chair’s Message,,,https://ece.ucsd.edu/about/chairs-message,10/16/2024,Nate,3:21,
UC San Diego,Y,Electrical and Computer Engineering,About,,,https://ece.ucsd.edu/about/impact,10/16/2024,Nate,3:21,
UC San Diego,Y,Electrical and Computer Engineering,Courses/Curriculum,,,https://ece.ucsd.edu/undergraduate/course-information,10/16/2024,Nate,3:21,
UC San Diego,Y,Scripps Institution of Oceanography,Home/Landing,,,https://scripps.ucsd.edu/,10/16/2024,Nate,2:11,
UC San Diego,Y,Scripps Institution of Oceanography,Undergrad education,,,https://scripps.ucsd.edu/undergrad,10/16/2024,Nate,2:11,
UC San Diego,Y,Scripps Institution of Oceanography,Prospective students,,,https://scripps.ucsd.edu/undergrad/how-apply,10/16/2024,Nate,2:11,
UC San Diego,Y,Scripps Institution of Oceanography,Advising,,,,10/16/2024,Nate,2:11,
UC San Diego,Y,Scripps Institution of Oceanography,Research,,,https://scripps.ucsd.edu/research,10/16/2024,Nate,2:11,
UC San Diego,Y,Scripps Institution of Oceanography,Undergraduate Research,,,https://scripps.ucsd.edu/undergrad/research-programs,10/16/2024,Nate,2:11,
UC San Diego,Y,Scripps Institution of Oceanography,DEI/JEDI,,,https://scripps.ucsd.edu/diversity,10/16/2024,Nate,2:11,
UC San Diego,Y,Scripps Institution of Oceanography,Chair’s Message,,,,10/16/2024,Nate,2:11,
UC San Diego,Y,Scripps Institution of Oceanography,About,,,https://scripps.ucsd.edu/about,10/16/2024,Nate,2:11,
UC San Diego,Y,Scripps Institution of Oceanography,Courses/Curriculum,,,https://scripps.ucsd.edu/undergrad/curriculum,10/16/2024,Nate,2:11,
UC San Diego,N,Ethnic Studies,Home/Landing,,,https://ethnicstudies.ucsd.edu/,10/16/2024,Nate,2:28,
UC San Diego,N,Ethnic Studies,Undergrad education,,,https://ethnicstudies.ucsd.edu/undergraduate-program/index.html,10/16/2024,Nate,2:28,
UC San Diego,N,Ethnic Studies,Prospective students,,,,10/16/2024,Nate,2:28,
UC San Diego,N,Ethnic Studies,Advising,,,,10/16/2024,Nate,2:28,
UC San Diego,N,Ethnic Studies,Research,,,,10/16/2024,Nate,2:28,
UC San Diego,N,Ethnic Studies,Undergraduate Research,,,,10/16/2024,Nate,2:28,
UC San Diego,N,Ethnic Studies,DEI/JEDI,,,,10/16/2024,Nate,2:28,
UC San Diego,N,Ethnic Studies,Chair’s Message,,,https://ethnicstudies.ucsd.edu/about/welcome.html,10/16/2024,Nate,2:28,
UC San Diego,N,Ethnic Studies,About,,,https://ethnicstudies.ucsd.edu/about/index.html,10/16/2024,Nate,2:28,
UC San Diego,N,Ethnic Studies,Courses/Curriculum,,,https://ethnicstudies.ucsd.edu/undergraduate-program/courses.html,10/16/2024,Nate,2:28,
UC San Diego,N,Sociology,Home/Landing,,,https://sociology.ucsd.edu/,10/18/2024,Nate,2:51,
UC San Diego,N,Sociology,Undergrad education,,,https://sociology.ucsd.edu/undergraduate/index.html,10/18/2024,Nate,2:51,
UC San Diego,N,Sociology,Prospective students,,,https://sociology.ucsd.edu/undergraduate/info-major-minor.html,10/18/2024,Nate,2:51,
UC San Diego,N,Sociology,Advising,,,https://sociology.ucsd.edu/undergraduate/advising.html,10/18/2024,Nate,2:51,
UC San Diego,N,Sociology,Research,,,https://sociology.ucsd.edu/research/index.html,10/18/2024,Nate,2:51,
UC San Diego,N,Sociology,Undergraduate Research,,,https://sociology.ucsd.edu/undergraduate/opportunities-involvement.html,10/18/2024,Nate,2:51,
UC San Diego,N,Sociology,DEI/JEDI,,,,10/18/2024,Nate,2:51,
UC San Diego,N,Sociology,Chair’s Message,,,https://sociology.ucsd.edu/about/chairs-message.html,10/18/2024,Nate,2:51,
UC San Diego,N,Sociology,About,,,https://sociology.ucsd.edu/about/index.html,10/18/2024,Nate,2:51,
UC San Diego,N,Sociology,Courses/Curriculum,,,https://sociology.ucsd.edu/undergraduate/courses.html,10/18/2024,Nate,2:51,
UC San Diego,N,German Studies,,,,,,,,program
UC San Diego,N,Global South Studies,,,,,,,,program
UC San Diego,N,Italian Studies,,,,,,,,program
UC San Diego,N,Japanese Studies,,,,,,,,program
UC San Diego,N,Jewish Studies,,,,,,,,program
UC San Diego,N,Russian and Soviet Studies,,,,,,,,program
UC San Diego,N,Latin American Studies,,,,,,,,program
UC San Diego,N,Global Health,,,,,,,,program
UC San Diego,N,Human Developmental Sciences,,,,,,,,program
UC San Diego,N,History,Home/Landing,,,https://history.ucsd.edu/,10/23/2024,Nate,4:23,
UC San Diego,N,History,Undergrad education,,,https://history.ucsd.edu/undergrad/index.html,10/23/2024,Nate,4:23,
UC San Diego,N,History,Prospective students,,,https://history.ucsd.edu/undergrad/admissions.html,10/23/2024,Nate,4:23,
UC San Diego,N,History,Advising,,,,10/23/2024,Nate,4:23,
UC San Diego,N,History,Research,,,,10/23/2024,Nate,4:23,
UC San Diego,N,History,Undergraduate Research,,,,10/23/2024,Nate,4:23,
UC San Diego,N,History,DEI/JEDI,,,,10/23/2024,Nate,4:23,
UC San Diego,N,History,Chair’s Message,,,https://history.ucsd.edu/about/chairs-welcome.html,10/23/2024,Nate,4:23,
UC San Diego,N,History,About,,,https://history.ucsd.edu/about/index.html,10/23/2024,Nate,4:23,
UC San Diego,N,History,Courses/Curriculum,,,https://history.ucsd.edu/courses/index.html,10/23/2024,Nate,4:23,
UC San Diego,N,Linguistics,Home/Landing,,,https://linguistics.ucsd.edu/,10/23/2024,Nate,2:23,
UC San Diego,N,Linguistics,Undergrad education,,,https://linguistics.ucsd.edu/undergrad/index.html,10/23/2024,Nate,2:23,
UC San Diego,N,Linguistics,Prospective students,,,https://linguistics.ucsd.edu/undergrad/new-undergrads/index.html,10/23/2024,Nate,2:23,
UC San Diego,N,Linguistics,Advising,,,https://linguistics.ucsd.edu/undergrad/advising.html,10/23/2024,Nate,2:23,
UC San Diego,N,Linguistics,Research,,,https://linguistics.ucsd.edu/research/index.html,10/23/2024,Nate,2:23,
UC San Diego,N,Linguistics,Undergraduate Research,,,https://linguistics.ucsd.edu/undergrad/opportunities/ug-research/index.html,10/23/2024,Nate,2:23,
UC San Diego,N,Linguistics,DEI/JEDI,,,,10/23/2024,Nate,2:23,
UC San Diego,N,Linguistics,Chair’s Message,,,,10/23/2024,Nate,2:23,
UC San Diego,N,Linguistics,About,,,,10/23/2024,Nate,2:23,
UC San Diego,N,Linguistics,Courses/Curriculum,,,https://linguistics.ucsd.edu/undergrad/courses/index.html,10/23/2024,Nate,2:23,
UC San Diego,N,Literature,Home/Landing,,,https://literature.ucsd.edu/,10/30/2024,Nate,2:50,
UC San Diego,N,Literature,Undergrad education,,,https://literature.ucsd.edu/ugrad/index.html,10/30/2024,Nate,2:50,
UC San Diego,N,Literature,Prospective students,,,https://literature.ucsd.edu/ugrad/prospective.html,10/30/2024,Nate,2:50,
UC San Diego,N,Literature,Advising,,,,10/30/2024,Nate,2:50,
UC San Diego,N,Literature,Research,,,,10/30/2024,Nate,2:50,
UC San Diego,N,Literature,Undergraduate Research,,,,10/30/2024,Nate,2:50,
UC San Diego,N,Literature,DEI/JEDI,,,,10/30/2024,Nate,2:50,
UC San Diego,N,Literature,Chair’s Message,,,https://literature.ucsd.edu/welcome.html,10/30/2024,Nate,2:50,
UC San Diego,N,Literature,About,,,,10/30/2024,Nate,2:50,
UC San Diego,N,Literature,Courses/Curriculum,,,https://literature.ucsd.edu/courses/courseofferings/index.html,10/30/2024,Nate,2:50,
UC San Diego,Y,Mathematics,Home/Landing,,,https://math.ucsd.edu/,10/30/2024,Nate,3:15,
UC San Diego,Y,Mathematics,Undergrad education,,,https://math.ucsd.edu/students/undergraduate,10/30/2024,Nate,3:15,
UC San Diego,Y,Mathematics,Prospective students,,,https://math.ucsd.edu/students/undergraduate/prospective-students,10/30/2024,Nate,3:15,
UC San Diego,Y,Mathematics,Advising,,,https://math.ucsd.edu/students/undergraduate/advising-information,10/30/2024,Nate,3:15,
UC San Diego,Y,Mathematics,Research,,,https://www.math.ucsd.edu/research,10/30/2024,Nate,3:15,
UC San Diego,Y,Mathematics,Undergraduate Research,,,https://www.math.ucsd.edu/students/careers/,10/30/2024,Nate,3:15,
UC San Diego,Y,Mathematics,DEI/JEDI,,,https://math.ucsd.edu/about/department-mathematics-edi-committee,10/30/2024,Nate,3:15,
UC San Diego,Y,Mathematics,Chair’s Message,,,,10/30/2024,Nate,3:15,
UC San Diego,Y,Mathematics,About,,,https://math.ucsd.edu/about,10/30/2024,Nate,3:15,
UC San Diego,Y,Mathematics,Courses/Curriculum,,,,10/30/2024,Nate,3:15,
UC San Diego,Y,Mechanical and Aerospace Engineering,Home/Landing,,,https://mae.ucsd.edu/,10/30/2024,Nate,4:10,
UC San Diego,Y,Mechanical and Aerospace Engineering,Undergrad education,,,https://mae.ucsd.edu/undergrad,10/30/2024,Nate,4:10,
UC San Diego,Y,Mechanical and Aerospace Engineering,Prospective students,,,https://mae.ucsd.edu/undergrad/ugadmissions,10/30/2024,Nate,4:10,
UC San Diego,Y,Mechanical and Aerospace Engineering,Advising,,,https://mae.ucsd.edu/undergrad/advising,10/30/2024,Nate,4:10,
UC San Diego,Y,Mechanical and Aerospace Engineering,Research,,,https://mae.ucsd.edu/research/overview,10/30/2024,Nate,4:10,
UC San Diego,Y,Mechanical and Aerospace Engineering,Undergraduate Research,,,,10/30/2024,Nate,4:10,
UC San Diego,Y,Mechanical and Aerospace Engineering,DEI/JEDI,,,https://mae.ucsd.edu/edi/principles,10/30/2024,Nate,4:10,
UC San Diego,Y,Mechanical and Aerospace Engineering,Chair’s Message,,,https://mae.ucsd.edu/about/message-chair,10/30/2024,Nate,4:10,
UC San Diego,Y,Mechanical and Aerospace Engineering,About,,,,10/30/2024,Nate,4:10,
UC San Diego,Y,Mechanical and Aerospace Engineering,Courses/Curriculum,,,https://mae.ucsd.edu/courses,10/30/2024,Nate,4:10,
UC San Diego,N,Music,Home/Landing,,,https://music-cms.ucsd.edu/,10/30/2024,Nate,2:22,
UC San Diego,N,Music,Undergrad education,,,https://music-cms.ucsd.edu/ugrad/index.html,10/30/2024,Nate,2:22,
UC San Diego,N,Music,Prospective students,,,https://music-cms.ucsd.edu/ugrad/undergrad-admissions.html,10/30/2024,Nate,2:22,
UC San Diego,N,Music,Advising,,,https://music-cms.ucsd.edu/ugrad/advising.html,10/30/2024,Nate,2:22,
UC San Diego,N,Music,Research,,,,10/30/2024,Nate,2:22,
UC San Diego,N,Music,Undergraduate Research,,,,10/30/2024,Nate,2:22,
UC San Diego,N,Music,DEI/JEDI,,,,10/30/2024,Nate,2:22,
UC San Diego,N,Music,Chair’s Message,,,,10/30/2024,Nate,2:22,
UC San Diego,N,Music,About,,,https://music-cms.ucsd.edu/about/index.html,10/30/2024,Nate,2:22,
UC San Diego,N,Music,Courses/Curriculum,,,https://music-cms.ucsd.edu/ugrad/courses/index.html,10/30/2024,Nate,2:22,
UC San Diego,Y,Nanoengineering,Home/Landing,,,https://ne.ucsd.edu/,10/30/2024,Nate,4:15,
UC San Diego,Y,Nanoengineering,Undergrad education,,,https://ne.ucsd.edu/undergrad-programs/degree,10/30/2024,Nate,4:15,
UC San Diego,Y,Nanoengineering,Prospective students,,,https://ne.ucsd.edu/undergrad-programs/admissions,10/30/2024,Nate,4:15,
UC San Diego,Y,Nanoengineering,Advising,,,https://ne.ucsd.edu/undergrad-programs/degree/advising,10/30/2024,Nate,4:15,
UC San Diego,Y,Nanoengineering,Research,,,,10/30/2024,Nate,4:15,
UC San Diego,Y,Nanoengineering,Undergraduate Research,,,,10/30/2024,Nate,4:15,sent to research portal
UC San Diego,Y,Nanoengineering,DEI/JEDI,,,,10/30/2024,Nate,4:15,
UC San Diego,Y,Nanoengineering,Chair’s Message,,,https://ne.ucsd.edu/about-us/overview,10/30/2024,Nate,4:15,
UC San Diego,Y,Nanoengineering,About,,,,10/30/2024,Nate,4:15,
UC San Diego,Y,Nanoengineering,Courses/Curriculum,,,https://ne.ucsd.edu/undergrad-programs/degree,10/30/2024,Nate,4:15,
UC San Diego,N,Philosophy,Home/Landing,,,https://philosophy.ucsd.edu/,10/30/2024,Nate,4:47,
UC San Diego,N,Philosophy,Undergrad education,,,https://philosophy.ucsd.edu/undergraduate/index.html,10/30/2024,Nate,4:47,
UC San Diego,N,Philosophy,Prospective students,,,https://philosophy.ucsd.edu/undergraduate/admissions.html,10/30/2024,Nate,4:47,
UC San Diego,N,Philosophy,Advising,,,,10/30/2024,Nate,4:47,
UC San Diego,N,Philosophy,Research,,,https://philosophy.ucsd.edu/research-groups/index.html,10/30/2024,Nate,4:47,
UC San Diego,N,Philosophy,Undergraduate Research,,,,10/30/2024,Nate,4:47,
UC San Diego,N,Philosophy,DEI/JEDI,,,,10/30/2024,Nate,4:47,
UC San Diego,N,Philosophy,Chair’s Message,,,,10/30/2024,Nate,4:47,
UC San Diego,N,Philosophy,About,,,https://philosophy.ucsd.edu/about/index.html,10/30/2024,Nate,4:47,
UC San Diego,N,Philosophy,Courses/Curriculum,,,https://philosophy.ucsd.edu/courses/index.html,10/30/2024,Nate,4:47,
UC San Diego,Y,Physics,Home/Landing,,,https://physics.ucsd.edu/,10/30/2024,Nate,3:29,
UC San Diego,Y,Physics,Undergrad education,,,https://physics.ucsd.edu/students/undergraduate/education,10/30/2024,Nate,3:29,
UC San Diego,Y,Physics,Prospective students,,,https://physics.ucsd.edu/prospective-students,10/30/2024,Nate,3:29,
UC San Diego,Y,Physics,Advising,,,https://physics.ucsd.edu/students/undergraduate/advising,10/30/2024,Nate,3:29,
UC San Diego,Y,Physics,Research,,,https://physics.ucsd.edu/research,10/30/2024,Nate,3:29,
UC San Diego,Y,Physics,Undergraduate Research,,,https://physics.ucsd.edu/students/undergraduate/research,10/30/2024,Nate,3:29,
UC San Diego,Y,Physics,DEI/JEDI,,,https://physics.ucsd.edu/diversity/edi-activities-and-initiatives,10/30/2024,Nate,3:29,
UC San Diego,Y,Physics,Chair’s Message,,,https://physics.ucsd.edu/welcome,10/30/2024,Nate,3:29,
UC San Diego,Y,Physics,About,,,https://physics.ucsd.edu/about,10/30/2024,Nate,3:29,
UC San Diego,Y,Physics,Courses/Curriculum,,,,10/30/2024,Nate,3:29,
UC San Diego,N,Political Science,Home/Landing,,,https://polisci.ucsd.edu/,10/30/2024,Nate,4:12,
UC San Diego,N,Political Science,Undergrad education,,,https://polisci.ucsd.edu/undergrad/index.html,10/30/2024,Nate,4:12,
UC San Diego,N,Political Science,Prospective students,,,https://polisci.ucsd.edu/undergrad/new-and-prospective-students/index.html,10/30/2024,Nate,4:12,
UC San Diego,N,Political Science,Advising,,,https://polisci.ucsd.edu/undergrad/academic-advising-information/index.html,10/30/2024,Nate,4:12,
UC San Diego,N,Political Science,Research,,,https://polisci.ucsd.edu/research/index.html,10/30/2024,Nate,4:12,
UC San Diego,N,Political Science,Undergraduate Research,,,https://polisci.ucsd.edu/undergrad/research-opportunities/index.html,10/30/2024,Nate,4:12,
UC San Diego,N,Political Science,DEI/JEDI,,Y,https://polisci.ucsd.edu/_files/UC-San-Diego-Political-Science-Best-Practices-on-Equity-Diversity-and-Inclusion_Adopted.pdf,10/30/2024,Nate,4:12,
UC San Diego,N,Political Science,Chair’s Message,,,,10/30/2024,Nate,4:12,
UC San Diego,N,Political Science,About,,,,10/30/2024,Nate,4:12,
UC San Diego,N,Political Science,Courses/Curriculum,,,https://polisci.ucsd.edu/undergrad/political-science-courses/index.html,10/30/2024,Nate,4:12,
UC San Diego,Y,Psychology,Home/Landing,,,https://psychology.ucsd.edu/,10/30/2024,Nate,2:07,
UC San Diego,Y,Psychology,Undergrad education,,,https://psychology.ucsd.edu/undergraduate-program/index.html,10/30/2024,Nate,2:07,
UC San Diego,Y,Psychology,Prospective students,,,https://psychology.ucsd.edu/undergraduate-program/new-students/index.html,10/30/2024,Nate,2:07,
UC San Diego,Y,Psychology,Advising,,,https://psychology.ucsd.edu/undergraduate-program/advising/index.html,10/30/2024,Nate,2:07,
UC San Diego,Y,Psychology,Research,,,https://psychology.ucsd.edu/research-areas/index.html,10/30/2024,Nate,2:07,
UC San Diego,Y,Psychology,Undergraduate Research,,,https://psychology.ucsd.edu/undergraduate-program/research/index.html,10/30/2024,Nate,2:07,
UC San Diego,Y,Psychology,DEI/JEDI,,,,10/30/2024,Nate,2:07,
UC San Diego,Y,Psychology,Chair’s Message,,,,10/30/2024,Nate,2:07,
UC San Diego,Y,Psychology,About,,,https://psychology.ucsd.edu/about/index.html,10/30/2024,Nate,2:07,
UC San Diego,Y,Psychology,Courses/Curriculum,,,https://psychology.ucsd.edu/undergraduate-program/courses/index.html,10/30/2024,Nate,2:07,
UC San Diego,N,Religion,,,,https://religion.ucsd.edu/,,,,program
UC San Diego,N,Urban Studies and Planning,Home/Landing,,,https://usp.ucsd.edu/,10/30/2024,Nate,4:00,
UC San Diego,N,Urban Studies and Planning,Undergrad education,,,https://usp.ucsd.edu/undergraduate/index.html,10/30/2024,Nate,4:00,
UC San Diego,N,Urban Studies and Planning,Prospective students,,,,10/30/2024,Nate,4:00,
UC San Diego,N,Urban Studies and Planning,Advising,,,https://usp.ucsd.edu/undergraduate/advising/index.html,10/30/2024,Nate,4:00,
UC San Diego,N,Urban Studies and Planning,Research,,,https://usp.ucsd.edu/what-we-do/our-work/index.html,10/30/2024,Nate,4:00,
UC San Diego,N,Urban Studies and Planning,Undergraduate Research,,,,10/30/2024,Nate,4:00,
UC San Diego,N,Urban Studies and Planning,DEI/JEDI,,,https://usp.ucsd.edu/what-we-do/themes/just-equity-diversity-inclusion/index.html,10/30/2024,Nate,4:00,
UC San Diego,N,Urban Studies and Planning,Chair’s Message,,,,10/30/2024,Nate,4:00,
UC San Diego,N,Urban Studies and Planning,About,,,https://usp.ucsd.edu/about/index.html,10/30/2024,Nate,4:00,
UC San Diego,N,Urban Studies and Planning,Courses/Curriculum,,,https://usp.ucsd.edu/undergraduate/courses/index.html,10/30/2024,Nate,4:00,